name,datetime,tempmax,tempmin,temp,feelslikemax,feelslikemin,feelslike,dew,humidity,precip,precipprob,precipcover,preciptype,snow,snowdepth,windgust,windspeed,winddir,sealevelpressure,cloudcover,visibility,solarradiation,solarenergy,uvindex,severerisk,sunrise,sunset,moonphase,conditions,description,icon,stations
melbourne,2024-01-01,22.9,13,18.3,22.9,13,18.3,12.8,71,0,0,0,,0,0,20.9,16.9,197.5,1019.6,60.7,14.2,0,0,0,10,2024-01-01T06:01:12,2024-01-01T20:45:14,0.66,Partially cloudy,Partly cloudy throughout the day.,partly-cloudy-day,"D6954,95874099999,94866099999,95936099999,95866099999,94865099999,94864099999"
melbourne,2024-01-02,24.4,18.1,20,24.4,18.1,20,17.3,84.9,14.182,100,4.17,rain,0,0,33.1,16.3,257.5,1015.7,97.2,10.8,0,0,0,10,2024-01-02T06:01:59,2024-01-02T20:45:23,0.69,"Rain, Overcast",Cloudy skies throughout the day with late afternoon rain.,rain,"D6954,95874099999,94866099999,95936099999,95866099999,94865099999,94864099999"
melbourne,2024-01-03,26.6,17.8,20.8,26.6,17.8,20.8,19.1,90.9,0.89,100,4.17,rain,0,0,27,16.4,180.7,1014.3,82.3,13.5,0,0,0,30,2024-01-03T06:02:48,2024-01-03T20:45:29,0.73,"Rain, Partially cloudy",Partly cloudy throughout the day with afternoon rain.,rain,"D6954,95874099999,94866099999,95936099999,95866099999,94865099999,94864099999"
melbourne,2024-01-04,21.4,17.8,19.4,21.4,17.8,19.4,16.2,81.8,0.151,100,8.33,rain,0,0,26.6,15.1,196.2,1019.2,83.3,13.1,0,0,0,10,2024-01-04T06:03:38,2024-01-04T20:45:33,0.75,"Rain, Partially cloudy",Partly cloudy throughout the day with rain clearing later.,rain,"D6954,95874099999,94866099999,95936099999,95866099999,94865099999,94864099999"
melbourne,2024-01-05,28.1,15.8,21.9,29.1,15.8,22,16.6,73.8,0,0,0,,0,0,18.7,14.9,175,1019.5,51.1,16,0,0,0,10,2024-01-05T06:04:29,2024-01-05T20:45:36,0.79,Partially cloudy,Partly cloudy throughout the day.,partly-cloudy-day,"D6954,95874099999,94866099999,95936099999,95866099999,94865099999,94864099999"
melbourne,2024-01-06,32.5,16.5,24.6,32.4,16.5,24.7,15.7,61.2,0,0,0,,0,0,20.2,20.5,5.8,1016,66.2,17.5,0,0,0,10,2024-01-06T06:05:22,2024-01-06T20:45:36,0.82,Partially cloudy,Partly cloudy throughout the day.,partly-cloudy-day,"D6954,95874099999,94866099999,95936099999,95866099999,94865099999,94864099999"
melbourne,2024-01-07,27,20.1,22.8,27.4,20.1,22.8,18.3,77.4,0.233,100,8.33,rain,0,0,48.2,23.6,12.8,1009.8,99.1,17.4,0,0,0,10,2024-01-07T06:06:15,2024-01-07T20:45:34,0.86,"Rain, Overcast",Cloudy skies throughout the day with rain.,rain,"D6954,95874099999,94866099999,95936099999,95866099999,94865099999,94864099999"
melbourne,2024-01-08,21,17.6,19.5,21,17.6,19.5,19.3,98.8,37.747,100,16.67,rain,0,0,31.3,12.1,209.4,1009,98.8,8.6,0,0,0,10,2024-01-08T06:07:10,2024-01-08T20:45:30,0.89,"Rain, Overcast",Cloudy skies throughout the day with a chance of rain throughout the day.,rain,"D6954,95874099999,94866099999,95936099999,95866099999,94865099999,94864099999"
melbourne,2024-01-09,23.9,15.8,20.4,23.9,15.8,20.4,16.2,77.8,23.761,100,4.17,rain,0,0,28.4,16.1,199.8,1012.9,47.3,16.9,0,0,0,10,2024-01-09T06:08:07,2024-01-09T20:45:23,0.92,"Rain, Partially cloudy",Partly cloudy throughout the day with morning rain.,rain,"D6954,95874099999,94866099999,95936099999,95866099999,94865099999,94864099999"
melbourne,2024-01-10,25.5,17,20.3,25.5,17,20.3,16.3,79.1,0.178,100,4.17,rain,0,0,22.3,19.1,190.2,1013.4,14.4,14.5,0,0,0,10,2024-01-10T06:09:04,2024-01-10T20:45:15,0.95,Rain,Clear conditions throughout the day with morning rain.,rain,"D6954,95874099999,94866099999,95936099999,95866099999,94865099999,94864099999"
melbourne,2024-01-11,23,17.4,19.8,23,17.4,19.8,13.6,67.5,0,0,0,,0,0,21.2,18.6,178.7,1020.1,22.1,16.8,0,0,0,10,2024-01-11T06:10:02,2024-01-11T20:45:04,0,Partially cloudy,Partly cloudy throughout the day.,partly-cloudy-day,"D6954,95874099999,94866099999,95936099999,95866099999,94865099999,94864099999"
melbourne,2024-01-12,32.5,16.5,23.5,34.8,16.5,23.9,16.6,68.1,0,0,0,,0,0,24.8,15.1,233.4,1016.5,36.6,17.2,0,0,0,10,2024-01-12T06:11:01,2024-01-12T20:44:52,0.02,Partially cloudy,Partly cloudy throughout the day.,partly-cloudy-day,"D6954,95874099999,94866099999,95936099999,95866099999,94865099999,94864099999"
melbourne,2024-01-13,21.8,16.6,19.4,21.8,16.6,19.4,14.9,75.2,0.371,100,8.33,rain,0,0,27.4,15.4,178.8,1019.1,67.1,15.8,0,0,0,10,2024-01-13T06:12:02,2024-01-13T20:44:37,0.05,"Rain, Partially cloudy",Partly cloudy throughout the day with rain.,rain,"94860099999,D6954,95874099999,94866099999,95936099999,95866099999,94865099999,94872099999,94864099999,94870099999"
melbourne,2024-01-14,22.5,16,19.2,22.5,16,19.2,13.3,69,0.014,100,4.17,rain,0,0,27.7,19.1,180.9,1020.9,86.9,16.5,0,0,0,10,2024-01-14T06:13:03,2024-01-14T20:44:21,0.09,"Rain, Partially cloudy",Partly cloudy throughout the day with morning rain.,rain,"D6954,95874099999,94866099999,95936099999,95866099999,94865099999,94864099999"
melbourne,2024-01-15,29.6,17.3,23,29.7,17.3,23.1,15.7,65.1,0,0,0,rain,0,0,22.7,16.9,151.9,1017.7,49.1,19.7,0,0,0,30,2024-01-15T06:14:05,2024-01-15T20:44:02,0.12,Partially cloudy,Partly cloudy throughout the day.,partly-cloudy-day,"D6954,95874099999,94866099999,95936099999,95866099999,94865099999,94864099999"
melbourne,2024-01-16,31.2,20.7,26.1,31,20.7,26.1,14.9,51.5,0.026,100,4.17,rain,0,0,55.8,24.1,356.8,1010.4,35.3,18.8,0,0,0,10,2024-01-16T06:15:07,2024-01-16T20:43:41,0.16,"Rain, Partially cloudy",Partly cloudy throughout the day with early morning rain.,rain,"94860099999,D6954,95874099999,94866099999,95936099999,95866099999,94865099999,94872099999,94864099999,94870099999"
melbourne,2024-01-17,25.7,17.1,20.7,25.7,17.1,20.7,14.5,69,11.868,100,8.33,rain,0,0,48.2,21.7,296.7,1004.9,70,16.2,0,0,0,10,2024-01-17T06:16:11,2024-01-17T20:43:18,0.19,"Rain, Partially cloudy",Partly cloudy throughout the day with rain in the morning and afternoon.,rain,"D6954,95874099999,94866099999,95936099999,95866099999,94865099999,94864099999"
melbourne,2024-01-18,21.4,14.1,17.3,21.4,14.1,17.3,8.9,58.1,0.296,100,8.33,rain,0,0,40.7,20.3,269.7,1006.4,40.4,17.8,0,0,0,10,2024-01-18T06:17:15,2024-01-18T20:42:53,0.25,"Rain, Partially cloudy",Partly cloudy throughout the day with rain in the morning and afternoon.,rain,"D6954,95874099999,94866099999,95936099999,95866099999,94865099999,94864099999"
melbourne,2024-01-19,20.2,14.5,17.2,20.2,14.5,17.2,11.5,69.3,0.002,100,4.17,rain,0,0,34.9,13.4,227.8,1010.5,88.9,17.8,0,0,0,10,2024-01-19T06:18:19,2024-01-19T20:42:27,0.26,"Rain, Partially cloudy",Partly cloudy throughout the day with morning rain.,rain,"D6954,95874099999,94866099999,95936099999,95866099999,94865099999,94864099999"
melbourne,2024-01-20,28,14,20.8,27.5,14,20.7,12.3,63,0.033,100,4.17,rain,0,0,55.1,18.4,12.5,1006.6,72.5,20.4,0,0,0,10,2024-01-20T06:19:25,2024-01-20T20:41:58,0.3,"Rain, Partially cloudy",Partly cloudy throughout the day with morning rain.,rain,"D6954,95874099999,94866099999,95936099999,95866099999,94865099999,94864099999"
melbourne,2024-01-21,20.8,16,18.4,20.8,16,18.4,12,66.5,0,0,0,rain,0,0,29.9,18.8,210.7,1008.2,41,17.6,0,0,0,10,2024-01-21T06:20:30,2024-01-21T20:41:27,0.33,Partially cloudy,Partly cloudy throughout the day.,partly-cloudy-day,"D6954,95874099999,94866099999,95936099999,95866099999,94865099999,94864099999"
melbourne,2024-01-22,19.6,15,17.3,19.6,15,17.3,8.7,57.3,0,0,0,rain,0,0,28.8,18.4,174.7,1015.5,83.4,16.7,0,0,0,10,2024-01-22T06:21:37,2024-01-22T20:40:54,0.37,Partially cloudy,Partly cloudy throughout the day.,partly-cloudy-day,"D6954,95874099999,94866099999,95936099999,95866099999,94865099999,94864099999"
melbourne,2024-01-23,31.1,12.6,21.7,29.8,12.6,21.3,11.7,58.8,0,0,0,,0,0,36.4,13.1,13.6,1010.9,48,17.4,0,0,0,10,2024-01-23T06:22:43,2024-01-23T20:40:20,0.41,Partially cloudy,Partly cloudy throughout the day.,partly-cloudy-day,"D6954,95874099999,94866099999,95936099999,95866099999,94865099999,94864099999"
melbourne,2024-01-24,30.1,18.5,24,29.7,18.5,23.9,13.5,53.5,0.211,100,4.17,rain,0,0,67.3,26.2,288.5,1006.1,37.9,17.5,0,0,0,10,2024-01-24T06:23:50,2024-01-24T20:39:43,0.44,"Rain, Partially cloudy",Partly cloudy throughout the day with morning rain.,rain,"D6954,95874099999,94866099999,95936099999,95866099999,94865099999,94864099999,94870099999"
melbourne,2024-01-25,23.5,17,19.1,23.5,17,19.1,14.5,75.1,0.082,100,8.33,rain,0,0,32.4,15.9,1,1008.1,95.9,17.2,0,0,0,10,2024-01-25T06:24:58,2024-01-25T20:39:05,0.48,"Rain, Overcast",Cloudy skies throughout the day with rain.,rain,"D6954,95874099999,94866099999,95936099999,95866099999,94865099999,94864099999"
melbourne,2024-01-26,22.2,16.4,18.6,22.2,16.4,18.6,11.4,64.3,5.235,100,8.33,rain,0,0,36.7,17.5,230.9,1007.1,59.3,18.9,0,0,0,10,2024-01-26T06:26:05,2024-01-26T20:38:25,0.5,"Rain, Partially cloudy",Partly cloudy throughout the day with rain clearing later.,rain,"D6954,95874099999,94866099999,95936099999,95866099999,94865099999,94864099999"
melbourne,2024-01-27,24,11.9,18.2,24,11.9,18.2,9.5,58.2,0.002,100,4.17,rain,0,0,30.6,15.3,236.5,1008.9,39,18.5,0,0,0,10,2024-01-27T06:27:13,2024-01-27T20:37:43,0.54,"Rain, Partially cloudy",Becoming cloudy in the afternoon with morning rain.,rain,"D6954,95874099999,94866099999,95936099999,95866099999,94865099999,94864099999"
melbourne,2024-01-28,26.1,15.4,20.2,26.1,15.4,20.2,12.9,63.9,0,0,0,,0,0,23.8,12.8,219.7,1011.2,49.6,17.9,0,0,0,10,2024-01-28T06:28:21,2024-01-28T20:36:59,0.58,Partially cloudy,Partly cloudy throughout the day.,partly-cloudy-day,"D6954,95874099999,94866099999,95936099999,95866099999,94865099999,94864099999"
melbourne,2024-01-29,26.7,16.8,20.8,27.2,16.8,20.9,15.7,74.1,0,0,0,,0,0,24.1,18.8,194.5,1011.5,10.7,17.6,0,0,0,10,2024-01-29T06:29:29,2024-01-29T20:36:13,0.61,Clear,Clear conditions throughout the day.,clear-day,"D6954,95874099999,94866099999,95936099999,95866099999,94865099999,94864099999"
melbourne,2024-01-30,22.3,17.5,19.8,22.3,17.5,19.8,13.4,67.2,0,0,0,,0,0,22.7,17.7,178.3,1015.2,20.8,18.2,0,0,0,10,2024-01-30T06:30:38,2024-01-30T20:35:26,0.64,Partially cloudy,Clearing in the afternoon.,partly-cloudy-day,"D6954,95874099999,94866099999,95936099999,95866099999,94865099999,94864099999"
melbourne,2024-01-31,21.3,15.8,18.5,21.3,15.8,18.5,11.4,63.5,0,0,0,rain,0,0,23.8,18.6,181.6,1017.2,28.7,14.7,0,0,0,10,2024-01-31T06:31:46,2024-01-31T20:34:37,0.67,Partially cloudy,Partly cloudy throughout the day.,partly-cloudy-day,"94860099999,D6954,95874099999,94866099999,95936099999,95866099999,94865099999,94872099999,94864099999,94870099999"
melbourne,2024-02-01,23.8,14.9,19.4,23.8,14.9,19.4,12.8,66,0,0,0,,0,0,30.2,15.7,213,1015.1,32.9,17.3,0,0,0,10,2024-02-01T06:32:55,2024-02-01T20:33:46,0.71,Partially cloudy,Clearing in the afternoon.,partly-cloudy-day,"D6954,95874099999,94866099999,95936099999,95866099999,94865099999,94864099999"
melbourne,2024-02-02,20.6,15.9,18.2,20.6,15.9,18.2,11,63.6,0,0,0,rain,0,0,30.6,17,211.7,1014,11.9,18.6,0,0,0,10,2024-02-02T06:34:03,2024-02-02T20:32:54,0.74,Clear,Clear conditions throughout the day.,clear-day,"D6954,95874099999,94866099999,95936099999,95866099999,94865099999,94864099999"
melbourne,2024-02-03,32.3,11.9,20.9,30.6,11.9,20.5,10.4,56.7,0,0,0,,0,0,17.3,16.7,228.1,1010.1,4.5,15.8,0,0,0,10,2024-02-03T06:35:12,2024-02-03T20:32:00,0.75,Clear,Clear conditions throughout the day.,clear-day,"D6954,95874099999,94866099999,95936099999,95866099999,94865099999,94864099999"
melbourne,2024-02-04,37,15.3,25.4,35,15.3,24.8,12.5,54,0,0,0,,0,0,51.5,26.4,348.3,1003.2,3.4,19.1,0,0,0,10,2024-02-04T06:36:20,2024-02-04T20:31:05,0.81,Clear,Clear conditions throughout the day.,clear-day,"D6954,95874099999,94866099999,95936099999,95866099999,94865099999,94864099999"
melbourne,2024-02-05,22.5,17.2,19.5,22.5,17.2,19.5,14.4,73.2,0.019,100,8.33,rain,0,0,35.3,16.6,184.2,1007.1,87.9,15.2,0,0,0,10,2024-02-05T06:37:28,2024-02-05T20:30:08,0.84,"Rain, Partially cloudy",Partly cloudy throughout the day with rain in the morning and afternoon.,rain,"D6954,95874099999,94866099999,95936099999,95866099999,94865099999,94864099999"
melbourne,2024-02-06,20.7,15.7,17.9,20.7,15.7,17.9,8.2,53.5,0.974,100,4.17,rain,0,0,26.6,17.2,172.2,1018.2,37.4,17.1,0,0,0,10,2024-02-06T06:38:36,2024-02-06T20:29:09,0.87,"Rain, Partially cloudy",Partly cloudy throughout the day with morning rain.,rain,"D6954,95874099999,94866099999,95936099999,95866099999,94865099999,94864099999"
melbourne,2024-02-07,21.9,12.2,17.6,21.9,12.2,17.6,10.4,64.1,0.178,100,4.17,rain,0,0,27.4,18.8,179.6,1023.7,14.6,17.3,0,0,0,10,2024-02-07T06:39:45,2024-02-07T20:28:09,0.9,Rain,Clear conditions throughout the day with morning rain.,rain,"D6954,95874099999,94866099999,95936099999,95866099999,94865099999,94864099999"
melbourne,2024-02-08,21.8,14.5,18.2,21.8,14.5,18.2,12.7,70.8,0,0,0,,0,0,30.6,17.3,182.7,1025,19.2,16.7,0,0,0,10,2024-02-08T06:40:52,2024-02-08T20:27:08,0.94,Clear,Clear conditions throughout the day.,clear-day,"D6954,95874099999,94866099999,95936099999,95866099999,94865099999,94864099999"
melbourne,2024-02-09,20.8,17,18.9,20.8,17,18.9,13.1,69.4,0,0,0,rain,0,0,27.7,18.7,184.5,1025.5,60.8,17.3,0,0,0,10,2024-02-09T06:42:00,2024-02-09T20:26:05,0.97,Partially cloudy,Partly cloudy throughout the day.,partly-cloudy-day,"D6954,95874099999,94866099999,95936099999,95866099999,94865099999,94864099999"
melbourne,2024-02-10,26.3,15,20.1,26.3,15,20.1,12.9,64.3,0,0,0,rain,0,0,25.9,14.6,181.1,1023.7,31.8,15.6,0,0,0,10,2024-02-10T06:43:08,2024-02-10T20:25:01,0,Partially cloudy,Clearing in the afternoon.,partly-cloudy-day,"D6954,95874099999,94866099999,95936099999,95866099999,94865099999,94864099999"
melbourne,2024-02-11,33,17.4,24.2,32.2,17.4,24.1,15.1,60.2,0,0,0,,0,0,48.2,24.3,348.7,1017.7,4.3,17.4,0,0,0,10,2024-02-11T06:44:15,2024-02-11T20:23:55,0.04,Clear,Clear conditions throughout the day.,clear-day,"D6954,95874099999,94866099999,95936099999,95866099999,94865099999,94864099999"
melbourne,2024-02-12,35.5,18.8,24.7,35.1,18.8,24.7,16.2,62.9,0,0,0,,0,0,48.2,24.6,319.8,1013.7,3.8,19.6,0,0,0,10,2024-02-12T06:45:22,2024-02-12T20:22:48,0.07,Clear,Clear conditions throughout the day.,clear-day,"D6954,95874099999,94866099999,95936099999,95866099999,94865099999,94864099999"
melbourne,2024-02-13,35.2,19.5,25.4,35.6,19.5,25.4,15.3,56.5,1.044,100,8.33,rain,0,0,60.5,30.2,347.2,1006.5,28.3,17.3,16.5,1.4,1,30,2024-02-13T06:46:29,2024-02-13T20:21:40,0.11,"Rain, Partially cloudy",Becoming cloudy in the afternoon with rain.,rain,"D6954,95874099999,94866099999,95936099999,C7520,95866099999,94865099999,94864099999"
melbourne,2024-02-14,19.3,14.4,17,19.3,14.4,17,7.9,55.6,0,0,0,rain,0,0,33.8,17,217.4,1016.5,40.1,19.1,180.5,15.4,10,10,2024-02-14T06:47:35,2024-02-14T20:20:31,0.14,Partially cloudy,Partly cloudy throughout the day.,partly-cloudy-day,"95874099999,94866099999,C7520,95936099999,95866099999,94865099999,94864099999,94870099999"
melbourne,2024-02-15,20.3,12.2,16.6,20.3,12.2,16.6,7.9,57.1,0.052,100,4.17,rain,0,0,23,18,171.5,1021.9,61.9,18,293.7,25.2,9,10,2024-02-15T06:48:42,2024-02-15T20:19:20,0.17,"Rain, Partially cloudy",Partly cloudy throughout the day with morning rain.,rain,"95874099999,94866099999,C7520,95936099999,95866099999,94865099999,94864099999"
melbourne,2024-02-16,21.8,12.9,17.7,21.8,12.9,17.7,11.8,69,0,0,0,,0,0,20.2,18.7,181.7,1022.2,34.6,17.4,265.7,22.9,10,10,2024-02-16T06:49:48,2024-02-16T20:18:09,0.21,Partially cloudy,Partly cloudy throughout the day.,partly-cloudy-day,"94860099999,95874099999,94866099999,C7520,95936099999,95866099999,94865099999,94872099999,94864099999,94870099999"
melbourne,2024-02-17,22.4,14.2,18.5,22.4,14.2,18.5,13.9,75.9,0,0,0,,0,0,19.1,16.3,187.4,1021.7,55.7,16,246.6,21.3,10,10,2024-02-17T06:50:53,2024-02-17T20:16:56,0.25,Partially cloudy,Partly cloudy throughout the day.,partly-cloudy-day,"94898099999,95874099999,94866099999,95867099999,C7520,95936099999,95866099999,94865099999,94864099999"
melbourne,2024-02-18,21.4,15.5,18.7,21.4,15.5,18.7,13,69.9,0,0,0,,0,0,24.1,16.9,177.9,1021.1,52.5,17.9,241.4,20.7,9,10,2024-02-18T06:51:59,2024-02-18T20:15:42,0.28,Partially cloudy,Partly cloudy throughout the day.,partly-cloudy-day,"95874099999,94866099999,C7520,95936099999,95866099999,94865099999,94864099999"
melbourne,2024-02-19,21.8,17.1,19,21.8,17.1,19,12.8,67.6,0,0,0,,0,0,22.7,18.5,178.5,1020.2,58.6,16.7,260.7,22.4,9,10,2024-02-19T06:53:04,2024-02-19T20:14:27,0.31,Partially cloudy,Partly cloudy throughout the day.,partly-cloudy-day,"95874099999,94866099999,C7520,95936099999,95866099999,94865099999,94864099999"
melbourne,2024-02-20,28,16.3,22,28.5,16.3,22.1,16.1,70.4,0,0,0,,0,0,21.6,14.8,219.2,1015.1,84.5,18.2,265.5,23,9,10,2024-02-20T06:54:08,2024-02-20T20:13:11,0.35,Partially cloudy,Partly cloudy throughout the day.,partly-cloudy-day,"95874099999,94866099999,C7520,95936099999,95866099999,94865099999,94864099999"
melbourne,2024-02-21,33.6,19.6,26.7,32.6,19.6,26.3,15.1,53.7,0.026,100,4.17,rain,0,0,45.7,20.1,6,1012.6,64.6,18.8,275.7,23.8,9,10,2024-02-21T06:55:12,2024-02-21T20:11:54,0.38,"Rain, Partially cloudy",Partly cloudy throughout the day with morning rain.,rain,"95874099999,94866099999,C7520,95936099999,95866099999,94865099999,94864099999"
melbourne,2024-02-22,35.6,20.1,26.5,36,20.1,26.5,15.1,52.6,0,0,0,rain,0,0,56.5,29.8,359.8,1006.8,61.9,17,226.1,19.3,9,10,2024-02-22T06:56:16,2024-02-22T20:10:36,0.41,Partially cloudy,Partly cloudy throughout the day.,partly-cloudy-day,"95874099999,C9254,94866099999,C7520,95936099999,95866099999,94865099999,94864099999"
melbourne,2024-02-23,21.5,16.5,18.7,21.5,16.5,18.7,10.7,60.3,3.481,100,4.17,rain,0,0,30.2,17,201.2,1011.8,78.1,16.8,156.2,13.5,9,10,2024-02-23T06:57:20,2024-02-23T20:09:17,0.45,"Rain, Partially cloudy",Partly cloudy throughout the day with morning rain.,rain,"95874099999,C9254,94866099999,C7520,95936099999,95866099999,94865099999,94864099999"
melbourne,2024-02-24,20.2,15.5,17.7,20.2,15.5,17.7,9.4,58.6,0,0,0,,0,0,28.4,16.9,186.9,1019.2,40.3,16,269.1,23.3,10,10,2024-02-24T06:58:23,2024-02-24T20:07:57,0.5,Partially cloudy,Partly cloudy throughout the day.,partly-cloudy-day,"C9254,95874099999,94866099999,95936099999,C7520,95866099999,94865099999,94864099999"
melbourne,2024-02-25,30.6,11.7,20.1,29.1,11.7,19.8,11.1,61.8,0.002,100,4.17,rain,0,0,37.8,17.2,319.7,1014.8,56.1,17.6,239.8,20.7,9,10,2024-02-25T06:59:26,2024-02-25T20:06:37,0.52,"Rain, Partially cloudy",Partly cloudy throughout the day with morning rain.,rain,"95874099999,94866099999,C7520,95936099999,95866099999,94865099999,94864099999"
melbourne,2024-02-26,20,15.6,18.2,20,15.6,18.2,11.4,65.4,0.019,100,4.17,rain,0,0,23.8,20.1,181.1,1018.4,92.8,15.8,228.5,19.8,9,10,2024-02-26T07:00:29,2024-02-26T20:05:15,0.55,"Rain, Overcast",Cloudy skies throughout the day with morning rain.,rain,"95874099999,94866099999,C7520,95936099999,95866099999,94865099999,94864099999"
melbourne,2024-02-27,27.5,12.9,19.6,27.7,12.9,19.7,13.1,67.5,0,0,0,,0,0,22,11.6,248.6,1014.3,29.8,16,263.8,22.8,9,10,2024-02-27T07:01:31,2024-02-27T20:03:53,0.58,Partially cloudy,Partly cloudy throughout the day.,partly-cloudy-day,"95874099999,94866099999,C7520,95936099999,95866099999,94865099999,94864099999,94870099999"
melbourne,2024-02-28,36.1,18.4,26.4,35.2,18.4,26.1,13.8,50.2,0,0,0,,0,0,59.4,24.7,8.5,1009.3,43.9,14.9,120.3,10.4,6,10,2024-02-28T07:02:33,2024-02-28T20:02:30,0.62,Partially cloudy,Partly cloudy throughout the day.,partly-cloudy-day,"95874099999,C9254,94866099999,C7520,95936099999,95866099999,94865099999,94864099999"
melbourne,2024-02-29,24.6,18.1,20.6,24.6,18.1,20.6,14.4,67.9,0,0,0,,0,0,24.8,16.2,214.4,1013.2,71.6,15.6,194.2,16.8,10,10,2024-02-29T07:03:34,2024-02-29T20:01:06,0.65,Partially cloudy,Partly cloudy throughout the day.,partly-cloudy-day,"YMAV,C9254,95874099999,94866099999,95936099999,95866099999,94865099999,YMML,94864099999"
melbourne,2024-03-01,26.8,14.3,19.5,27.1,14.3,19.5,13.3,68.7,0,0,0,,0,0,25.2,18.8,195.1,1014.1,55.9,16.7,265.2,22.8,10,10,2024-03-01T07:04:36,2024-03-01T19:59:42,0.69,Partially cloudy,Partly cloudy throughout the day.,partly-cloudy-day,"C9254,95874099999,94866099999,95936099999,95866099999,94865099999,94864099999"
melbourne,2024-03-02,20.2,15.1,17.9,20.2,15.1,17.9,10.7,63.6,0,0,0,rain,0,0,23.4,18.9,196.8,1017.5,49.2,18.3,201.4,17.4,9,10,2024-03-02T07:05:36,2024-03-02T19:58:17,0.72,Partially cloudy,Partly cloudy throughout the day.,partly-cloudy-day,"YMAV,C9254,95874099999,94866099999,95936099999,C7520,95866099999,94865099999,YMML,94864099999"
melbourne,2024-03-03,20.7,12.7,16.2,20.7,12.7,16.2,8.6,61,0.014,100,4.17,rain,0,0,31.3,21.1,207.3,1019.6,50.4,17.2,128.3,11.1,6,10,2024-03-03T07:06:37,2024-03-03T19:56:51,0.75,"Rain, Partially cloudy",Partly cloudy throughout the day with morning rain.,rain,"95874099999,94866099999,C7520,95936099999,95866099999,94865099999,94864099999"
melbourne,2024-03-04,20.2,13.1,16.8,20.2,13.1,16.8,8.2,57.1,0,0,0,,0,0,26.6,18.1,175.9,1022.9,26.9,15.6,246,21.2,9,10,2024-03-04T07:07:37,2024-03-04T19:55:25,0.75,Partially cloudy,Clearing in the afternoon.,partly-cloudy-day,"95874099999,C9254,94866099999,C7520,95936099999,95866099999,94865099999,94864099999"
melbourne,2024-03-05,31.2,11.8,21,29.4,11.8,20.5,9.3,54.3,0,0,0,,0,0,29.5,18.9,359.8,1017.5,47,15.7,256,22,9,10,2024-03-05T07:08:37,2024-03-05T19:53:58,0.82,Partially cloudy,Partly cloudy throughout the day.,partly-cloudy-day,"C9254,95874099999,94866099999,95936099999,C7520,95866099999,94865099999,94864099999"
melbourne,2024-03-06,25.4,15.4,20.1,25.4,15.4,20.1,12.1,61.9,0,0,0,,0,0,24.1,18.5,194.2,1017.2,52.7,16,203.4,17.7,9,10,2024-03-06T07:09:37,2024-03-06T19:52:31,0.85,Partially cloudy,Partly cloudy throughout the day.,partly-cloudy-day,"95874099999,94866099999,C7520,95936099999,95866099999,94865099999,94864099999"
melbourne,2024-03-07,21.7,15.5,18.8,21.7,15.5,18.8,12.2,66,0,0,0,rain,0,0,24.8,18.7,177.8,1023.9,52.4,15.2,254.5,22.1,9,10,2024-03-07T07:10:36,2024-03-07T19:51:03,0.89,Partially cloudy,Partly cloudy throughout the day.,partly-cloudy-day,"95874099999,94866099999,C7520,95936099999,95866099999,94865099999,94864099999"
melbourne,2024-03-08,25.6,14,19.6,25.6,14,19.6,14.6,73.9,0,0,0,,0,0,20.2,14.9,216.4,1021.5,31.9,14.3,241.1,20.8,8,10,2024-03-08T07:11:35,2024-03-08T19:49:35,0.92,Partially cloudy,Clearing in the afternoon.,partly-cloudy-day,"YMAV,95874099999,94866099999,C7520,95936099999,95866099999,94865099999,YMML,94864099999"
melbourne,2024-03-09,37,17,27.4,37.3,17,27.1,15.3,56,0,0,0,,0,0,52.2,28.3,1.7,1017.7,7.9,16.8,229.6,19.6,8,10,2024-03-09T07:12:33,2024-03-09T19:48:06,0.96,Clear,Clear conditions throughout the day.,clear-day,"95874099999,94866099999,C7520,95936099999,95866099999,94865099999,94864099999"
melbourne,2024-03-10,36.7,26,31.3,35.6,26,30.4,12.2,31.9,0,0,0,,0,0,53.3,24.2,359.2,1020.6,40.5,19.3,232.9,19.9,8,10,2024-03-10T07:13:32,2024-03-10T19:46:37,0,Partially cloudy,Becoming cloudy in the afternoon.,partly-cloudy-day,"95874099999,94866099999,C7520,95936099999,95866099999,94865099999,94864099999"
melbourne,2024-03-11,34.6,20.9,27.9,32.9,20.9,27.1,13.5,47.3,0,0,0,,0,0,43.9,22.4,354.1,1019.5,82.7,19.3,215.3,18.7,9,10,2024-03-11T07:14:30,2024-03-11T19:45:07,0.02,Partially cloudy,Partly cloudy throughout the day.,partly-cloudy-day,"95874099999,94866099999,C7520,95936099999,95866099999,94865099999,94864099999"
melbourne,2024-03-12,28.2,18.5,22.2,27.4,18.5,22.1,14.2,63,0,0,0,,0,0,43.9,14.9,202.5,1017.6,77.1,16,70.9,6.1,3,10,2024-03-12T07:15:27,2024-03-12T19:43:38,0.06,Partially cloudy,Partly cloudy throughout the day.,partly-cloudy-day,"95874099999,94866099999,C7520,95936099999,95866099999,94865099999,94864099999"
melbourne,2024-03-13,19.1,16,18,19.1,16,18,14,77.7,1.64,100,8.33,rain,0,0,18.7,11,181.8,1016.9,94.1,14.3,55.3,4.9,2,10,2024-03-13T07:16:25,2024-03-13T19:42:08,0.09,"Rain, Overcast",Cloudy skies throughout the day with rain in the morning and afternoon.,rain,"YMAV,94898099999,95874099999,94866099999,95867099999,C7520,95936099999,94895599999,95866099999,94865099999,YMML,94864099999"
melbourne,2024-03-14,22,16.5,19,22,16.5,19,14.1,73.2,0.009,100,4.17,rain,0,0,30.6,17.5,190.8,1015.5,68,16.4,133,11.6,5,10,2024-03-14T07:17:22,2024-03-14T19:40:37,0.12,"Rain, Partially cloudy",Partly cloudy throughout the day with morning rain.,rain,"95874099999,94866099999,C7520,95936099999,95866099999,94865099999,94864099999"
melbourne,2024-03-15,27.5,15.6,20.7,27.3,15.6,20.7,13.1,64.6,0,0,0,,0,0,31.3,15.1,149,1018.7,23.3,17.3,205.3,17.8,8,10,2024-03-15T07:18:19,2024-03-15T19:39:07,0.16,Partially cloudy,Partly cloudy throughout the day.,partly-cloudy-day,"94860099999,95874099999,94866099999,C7520,95936099999,95866099999,94865099999,94872099999,94864099999,94870099999"
melbourne,2024-03-16,29,14.7,21.4,27.9,14.7,21.2,12,59.1,0,0,0,,0,0,25.9,14.4,82.2,1017.7,4.6,18.1,232.3,20,8,10,2024-03-16T07:19:16,2024-03-16T19:37:36,0.19,Clear,Clear conditions throughout the day.,clear-day,"95874099999,94866099999,C7520,95936099999,95866099999,94865099999,94864099999"
melbourne,2024-03-17,29.1,17.9,22.9,28,17.9,22.7,11.8,51.1,0,0,0,,0,0,36.7,16.6,53.3,1013.3,42.8,19.5,220.8,19.2,9,10,2024-03-17T07:20:13,2024-03-17T19:36:05,0.25,Partially cloudy,Partly cloudy throughout the day.,partly-cloudy-day,"95874099999,94866099999,C7520,95936099999,95866099999,94865099999,94864099999"
melbourne,2024-03-18,31.1,16.1,23.3,29.9,16.1,23,12.8,55.3,0,0,0,,0,0,25.6,15.1,24.7,1012.2,17.6,19.4,201,17.3,8,10,2024-03-18T07:21:09,2024-03-18T19:34:34,0.26,Clear,Clear conditions throughout the day.,clear-day,"95874099999,94866099999,C7520,95936099999,95866099999,94865099999,94864099999"
melbourne,2024-03-19,28.1,19.7,23.1,28.7,19.7,23.2,14.6,59.3,0,0,0,,0,0,52.2,31.3,349.9,1009.5,50.4,17.6,116.3,10,6,10,2024-03-19T07:22:05,2024-03-19T19:33:03,0.29,Partially cloudy,Partly cloudy throughout the day.,partly-cloudy-day,"95874099999,94866099999,C7520,95936099999,95866099999,94865099999,94864099999"
melbourne,2024-03-20,18,13.3,15.5,18,13.3,15.5,6.4,55.7,0.204,100,4.17,rain,0,0,38.2,24.5,209.7,1023.2,26.9,20.5,213,18.1,9,10,2024-03-20T07:23:01,2024-03-20T19:31:31,0.32,"Rain, Partially cloudy",Partly cloudy throughout the day with morning rain.,rain,"94860099999,95874099999,94866099999,C7520,95936099999,95866099999,94865099999,94872099999,94864099999,94854099999,94870099999"
melbourne,2024-03-21,20.1,9.5,15,20.1,9.1,15,6.5,58.1,0.191,100,4.17,rain,0,0,18.7,16.2,173.1,1028.5,10,17.9,220.6,19.1,8,10,2024-03-21T07:23:57,2024-03-21T19:30:00,0.36,Rain,Clear conditions throughout the day with morning rain.,rain,"95874099999,94866099999,C7520,95936099999,95866099999,94865099999,94864099999"
melbourne,2024-03-22,20.6,9.7,15.5,20.6,8.5,15.4,9.3,68,0,0,0,,0,0,21.6,18.5,175.7,1024.4,12.3,16.5,203.9,17.6,8,10,2024-03-22T07:24:53,2024-03-22T19:28:29,0.39,Clear,Clear conditions throughout the day.,clear-day,"95874099999,C9254,94866099999,C7520,95936099999,95866099999,94865099999,94864099999"
melbourne,2024-03-23,19.2,11.9,15.6,19.2,11.9,15.6,9.8,69.7,0.002,100,4.17,rain,0,0,22.7,15.5,172.4,1025.5,61.7,19.3,128.7,11.1,7,10,2024-03-23T07:25:48,2024-03-23T19:26:57,0.42,"Rain, Partially cloudy",Partly cloudy throughout the day with morning rain.,rain,"C9254,95874099999,94866099999,95936099999,C7520,95866099999,94865099999,94864099999"
melbourne,2024-03-24,21.7,11.9,16.2,21.7,11.9,16.2,8.3,60.3,0.024,100,4.17,rain,0,0,19.1,13.4,237.1,1022.9,27.2,16,164.9,14.1,8,10,2024-03-24T07:26:44,2024-03-24T19:25:26,0.46,"Rain, Partially cloudy",Partly cloudy throughout the day with morning rain.,rain,"C9254,95874099999,94866099999,95936099999,C7520,95866099999,94865099999,94864099999"
melbourne,2024-03-25,22.2,14.3,17.3,22.2,14.3,17.3,10.5,65.1,0,0,0,,0,0,20.5,12.7,246.5,1020.1,11.3,16.5,227.8,19.8,8,10,2024-03-25T07:27:39,2024-03-25T19:23:55,0.5,Clear,Clear conditions throughout the day.,clear-day,"C9254,95874099999,94866099999,95936099999,C7520,95866099999,94865099999,94864099999"
melbourne,2024-03-26,20.8,13,17.1,20.8,13,17.1,10.5,66.4,0,0,0,,0,0,21.2,11.6,202.9,1022.1,27.7,18.1,154.4,13.3,9,10,2024-03-26T07:28:34,2024-03-26T19:22:24,0.53,Partially cloudy,Partly cloudy throughout the day.,partly-cloudy-day,"94860099999,C9254,95874099999,94866099999,95936099999,C7520,95866099999,94865099999,94872099999,94864099999,94854099999,94870099999"
melbourne,2024-03-27,29.8,11.1,17.1,34.6,11.1,17.5,12.2,73.4,0.2,100,8.33,rain,0,0,23.8,25,183.3,1024.8,47.6,14.5,114.4,9.9,6,10,2024-03-27T07:29:29,2024-03-27T19:20:53,0.56,"Rain, Partially cloudy",Partly cloudy throughout the day with rain in the morning and afternoon.,rain,"YMAV,95874099999,94866099999,C7520,6CV53CK,95936099999,94895599999,YMML,95866099999,94865099999,94864099999"
melbourne,2024-03-28,26.8,13.7,17.3,29,13.7,17.4,10.3,64.6,0.1,100,4.17,rain,0,0,21.2,41,165.4,1025.1,59,12.4,192.8,16.8,9,10,2024-03-28T07:30:24,2024-03-28T19:19:22,0.59,"Rain, Partially cloudy",Partly cloudy throughout the day with morning rain.,rain,"YMAV,95874099999,94866099999,C7520,95936099999,6CV53CK,95866099999,94865099999,YMML,94864099999"
melbourne,2024-03-29,29.5,11.5,19.1,27.9,11.5,19,11.3,65.3,0,0,0,,0,0,23.4,21.3,46.6,1023.9,27.4,9.8,206.1,17.8,8,10,2024-03-29T07:31:19,2024-03-29T19:17:51,0.63,Partially cloudy,Clearing in the afternoon.,partly-cloudy-day,"YMAV,C7520,6CV53CK,YMML"
melbourne,2024-03-30,24,9,16.6,24,8.5,16.6,11.6,75.5,0,0,0,,0,0,15.5,19.7,176.1,1025.1,24.4,9.2,192.9,16.5,7,10,2024-03-30T07:32:14,2024-03-30T19:16:20,0.66,Partially cloudy,Clearing in the afternoon.,partly-cloudy-day,"YMAV,C7520,YMML"
melbourne,2024-03-31,22.8,13,17.3,22.8,13,17.3,13.1,78,0,0,0,,0,0,11.9,17.3,192.7,1021.8,56.7,9.8,156.5,13.4,7,10,2024-03-31T07:33:08,2024-03-31T19:14:50,0.7,Partially cloudy,Partly cloudy throughout the day.,partly-cloudy-day,"YMAV,C7520,6CV53CK,YMML"
melbourne,2024-04-01,24.8,11.8,18.7,24.8,11.8,18.7,13.3,73.7,12.6,100,33.33,rain,0,0,43.2,42.3,32,1013.8,83.7,9.6,60.3,5.3,3,10,2024-04-01T07:34:03,2024-04-01T19:13:20,0.73,"Rain, Partially cloudy",Partly cloudy throughout the day with rain.,rain,"YMAV,C7520,6CV53CK,YMML"
melbourne,2024-04-02,20.5,14,16.6,20.5,14,16.6,12.5,77.8,53.888,100,4.17,rain,0,0,38.9,38.1,269.3,1011.2,80.2,12.1,116,10.2,7,10,2024-04-02T07:34:58,2024-04-02T19:11:51,0.75,"Rain, Partially cloudy",Partly cloudy throughout the day with morning rain.,rain,"YMAV,95874099999,94866099999,C7520,95936099999,YMML,95866099999,94865099999,94864099999"
melbourne,2024-04-03,16.2,10.1,13.6,16.2,10.1,13.6,10.8,83.1,2.298,100,8.33,rain,0,0,22,14.4,269.3,1021.2,65.8,14.5,79.8,6.8,6,10,2024-04-03T07:35:52,2024-04-03T19:10:21,0.8,"Rain, Partially cloudy",Partly cloudy throughout the day with rain in the morning and afternoon.,rain,"YMAV,95874099999,94866099999,C7520,94895599999,95936099999,YMML,95866099999,94865099999,94864099999"
melbourne,2024-04-04,18.5,9.5,14.4,18.5,9.5,14.4,8.4,70.5,4.76,100,4.17,rain,0,0,31,15.1,149.4,1026.4,40.5,17.5,157.1,13.5,9,10,2024-04-04T07:36:47,2024-04-04T19:08:52,0.84,"Rain, Partially cloudy",Partly cloudy throughout the day with morning rain.,rain,"94860099999,95874099999,94866099999,C7520,95936099999,95866099999,94865099999,94872099999,94864099999,94870099999"
melbourne,2024-04-05,20.1,11.9,15.8,20.1,11.9,15.8,10.5,71.2,0.002,100,4.17,rain,0,0,28.8,15.1,182.4,1027.1,55.5,15.6,184.8,15.8,7,10,2024-04-05T07:37:41,2024-04-05T19:07:24,0.87,"Rain, Partially cloudy",Partly cloudy throughout the day with morning rain.,rain,"95874099999,94866099999,C7520,95936099999,95866099999,94865099999,94864099999"
melbourne,2024-04-06,21.8,14.6,17.6,21.8,14.6,17.6,13.4,77.2,0,0,0,rain,0,0,14.8,11.4,136.2,1018.2,95,15.7,72.2,6.2,3,10,2024-04-06T07:38:35,2024-04-06T19:05:55,0.91,Overcast,Cloudy skies throughout the day.,cloudy,"95874099999,94866099999,C7520,95936099999,95866099999,94865099999,94864099999"
melbourne,2024-04-07,20,16,17.6,20,16,17.6,15.3,87,0.192,100,12.5,rain,0,0,18.4,13.2,201.8,1012.4,80.2,12.5,108.8,9.7,6,10,2024-04-07T06:39:30,2024-04-07T18:04:28,0.94,"Rain, Partially cloudy",Partly cloudy throughout the day with a chance of rain throughout the day.,rain,"95874099999,94866099999,C7520,95936099999,95866099999,94865099999,94864099999"
melbourne,2024-04-08,19.7,12.1,15.5,19.7,12.1,15.5,11.4,78.1,2.974,100,12.5,rain,0,0,31.3,11.6,256.4,1011.8,65.7,14.5,122,10.5,8,10,2024-04-08T06:40:24,2024-04-08T18:03:00,0.98,"Rain, Partially cloudy",Partly cloudy throughout the day with rain.,rain,"95874099999,94866099999,C7520,95936099999,95866099999,94865099999,94864099999"
melbourne,2024-04-09,15.2,10.4,12.7,15.2,10.4,12.7,8.4,76,34.003,100,16.67,rain,0,0,35.3,16.9,218,1017.8,79.1,14.8,85.5,7.6,5,10,2024-04-09T06:41:19,2024-04-09T18:01:34,0,"Rain, Partially cloudy",Partly cloudy throughout the day with a chance of rain throughout the day.,rain,"95874099999,94866099999,C7520,95936099999,95866099999,94865099999,94864099999"
melbourne,2024-04-10,17,12.5,14.8,17,12.5,14.8,9.7,71.6,2.274,100,8.33,rain,0,0,28.4,14.8,217,1021.5,92.9,16.7,82.8,7.1,5,10,2024-04-10T06:42:13,2024-04-10T18:00:07,0.04,"Rain, Overcast",Cloudy skies throughout the day with rain clearing later.,rain,"95874099999,94866099999,C7520,95936099999,95866099999,94865099999,94864099999"
melbourne,2024-04-11,17.6,13,14.7,17.6,13,14.7,11.1,80.5,0.032,100,8.33,rain,0,0,24.1,11.5,221.3,1022.5,82,17.7,87.3,7.4,4,10,2024-04-11T06:43:07,2024-04-11T17:58:42,0.08,"Rain, Partially cloudy",Partly cloudy throughout the day with rain in the morning and afternoon.,rain,"95874099999,94866099999,C7520,95936099999,95866099999,94865099999,94864099999"
melbourne,2024-04-12,17.1,12.3,14.6,17.1,12.3,14.6,10.6,77.7,1.788,100,4.17,rain,0,0,15.8,9.1,223.8,1022.1,78.6,17.3,66.7,5.6,3,10,2024-04-12T06:44:02,2024-04-12T17:57:17,0.11,"Rain, Partially cloudy",Partly cloudy throughout the day with morning rain.,rain,"95874099999,94866099999,C7520,95936099999,95866099999,94865099999,94864099999"
melbourne,2024-04-13,18.1,11.9,14.6,18.1,11.9,14.6,9.8,74.3,0.356,100,4.17,rain,0,0,14.8,11,218.9,1023,37.1,17.9,118.8,10.2,8,10,2024-04-13T06:44:56,2024-04-13T17:55:52,0.14,"Rain, Partially cloudy",Partly cloudy throughout the day with morning rain.,rain,"95874099999,94866099999,C7520,95936099999,95866099999,94865099999,94864099999"
melbourne,2024-04-14,19,10.6,14.2,19,10.6,14.2,10.5,79.3,0,0,0,,0,0,9.4,9.7,63.6,1023.3,26.9,19,118.6,10.3,5,10,2024-04-14T06:45:50,2024-04-14T17:54:28,0.17,Partially cloudy,Partly cloudy throughout the day.,partly-cloudy-day,"95874099999,94866099999,C7520,95936099999,95866099999,94865099999,94864099999"
melbourne,2024-04-15,20,9.8,15.1,20,9.4,15.1,10.4,74.8,0,0,0,rain,0,0,18.7,9.2,179.7,1023.9,36.9,18.3,127.5,10.9,7,10,2024-04-15T06:46:45,2024-04-15T17:53:05,0.21,Partially cloudy,Becoming cloudy in the afternoon.,partly-cloudy-day,"95874099999,94866099999,C7520,95936099999,95866099999,94865099999,94864099999"
melbourne,2024-04-16,18.6,11.5,14.7,18.6,11.5,14.7,11.6,82.6,0.178,100,4.17,rain,0,0,18.7,13.1,192.9,1025.1,65.4,16.7,104.3,9.1,7,10,2024-04-16T06:47:39,2024-04-16T17:51:43,0.25,"Rain, Partially cloudy",Partly cloudy throughout the day with morning rain.,rain,"95874099999,94866099999,C7520,95936099999,95866099999,94865099999,94864099999"
melbourne,2024-04-17,17.5,10,13.9,17.5,10,13.9,11.4,85.5,0,0,0,rain,0,0,20.9,11.8,194.5,1025.5,78.3,14,170.5,14.7,7,10,2024-04-17T06:48:34,2024-04-17T17:50:21,0.27,Partially cloudy,Partly cloudy throughout the day.,partly-cloudy-day,"94860099999,95874099999,94866099999,C7520,95936099999,95866099999,94865099999,94872099999,94864099999,94870099999"
melbourne,2024-04-18,16.8,11.2,13.8,16.8,11.2,13.8,10,79.5,2.935,100,8.33,rain,0,0,33.5,20.8,273.9,1020.7,84.9,12.6,66,5.7,4,10,2024-04-18T06:49:28,2024-04-18T17:49:00,0.31,"Rain, Partially cloudy",Partly cloudy throughout the day with rain.,rain,"94860099999,94898099999,95874099999,94866099999,95867099999,C7520,95936099999,95866099999,94865099999,94872099999,94864099999,94870099999"
melbourne,2024-04-19,17.6,12.1,14.6,17.6,12.1,14.6,11.3,81.6,5.667,100,8.33,rain,0,0,30.2,15,199,1022.1,54.1,14.9,115.8,10,7,10,2024-04-19T06:50:22,2024-04-19T17:47:40,0.34,"Rain, Partially cloudy",Partly cloudy throughout the day with rain clearing later.,rain,"94860099999,95874099999,94866099999,C7520,95936099999,95866099999,94865099999,94872099999,94864099999,94870099999"
melbourne,2024-04-20,16.7,8.4,12.4,16.7,8.4,12.4,9.1,82.2,0.192,100,4.17,rain,0,0,23.4,13.3,200.5,1029.9,25.1,17.1,109.5,9.5,6,10,2024-04-20T06:51:17,2024-04-20T17:46:20,0.37,"Rain, Partially cloudy",Partly cloudy throughout the day with morning rain.,rain,"94860099999,95874099999,94866099999,C7520,95936099999,95866099999,94865099999,94872099999,94864099999,94870099999"
melbourne,2024-04-21,16.2,9.4,12.7,16.2,9.4,12.7,8.7,77.3,0.007,100,4.17,rain,0,0,13,9.7,190.4,1030.3,33.8,17.3,116.2,10.1,6,10,2024-04-21T06:52:11,2024-04-21T17:45:02,0.4,"Rain, Partially cloudy",Clearing in the afternoon with morning rain.,rain,"95874099999,94866099999,C7520,95936099999,95866099999,94865099999,94864099999"
melbourne,2024-04-22,24,6.7,14.5,24,5.1,14.1,7.2,66.9,0,0,0,,0,0,28.8,16.6,11.1,1025.6,12.4,14.6,159,13.7,6,10,2024-04-22T06:53:06,2024-04-22T17:43:44,0.44,Clear,Clear conditions throughout the day.,clear-day,"94860099999,95874099999,94866099999,C7520,95936099999,95866099999,94865099999,94872099999,94864099999,94870099999"
melbourne,2024-04-23,24.6,11.5,18.5,24.6,11.5,18.5,6.8,48.6,0,0,0,,0,0,54.4,22.4,356.4,1017.4,69.8,16.8,143.8,12.4,6,10,2024-04-23T06:54:00,2024-04-23T17:42:28,0.47,Partially cloudy,Partly cloudy throughout the day.,partly-cloudy-day,"95874099999,94866099999,C7520,95936099999,95866099999,94865099999,94864099999"
melbourne,2024-04-24,16,10.9,12.8,16,10.9,12.8,7.2,69.6,5.714,100,12.5,rain,0,0,52.9,20.2,247.1,1021.5,63.1,15.7,105.2,9.1,5,10,2024-04-24T06:54:55,2024-04-24T17:41:12,0.5,"Rain, Partially cloudy",Partly cloudy throughout the day with a chance of rain throughout the day.,rain,"95874099999,94866099999,C7520,95936099999,95866099999,94865099999,94864099999"
melbourne,2024-04-25,15.5,11,13.2,15.5,11,13.2,7.8,70,0.296,100,4.17,rain,0,0,29.5,27.2,239.5,1024.5,80.5,16.5,75,6.7,3,10,2024-04-25T06:55:49,2024-04-25T17:39:57,0.54,"Rain, Partially cloudy",Partly cloudy throughout the day with morning rain.,rain,"YMAV,95874099999,94866099999,C7520,95936099999,94895599999,95866099999,94865099999,YMML,94864099999"
melbourne,2024-04-26,15.1,12.4,13.5,15.1,12.4,13.5,6.9,64.6,0.026,100,4.17,rain,0,0,24.5,11.5,226.5,1026.2,86.3,16.7,63.5,5.5,3,10,2024-04-26T06:56:44,2024-04-26T17:38:43,0.57,"Rain, Partially cloudy",Partly cloudy throughout the day with morning rain.,rain,"95874099999,94866099999,C7520,95936099999,95866099999,94865099999,94864099999"
melbourne,2024-04-27,17.3,9.4,13.3,17.3,9.4,13.3,8.1,71.9,0.002,100,4.17,rain,0,0,13.3,11.4,209.1,1026,54.8,18.9,123,10.7,6,10,2024-04-27T06:57:38,2024-04-27T17:37:31,0.61,"Rain, Partially cloudy",Partly cloudy throughout the day with morning rain.,rain,"95874099999,94866099999,C7520,95936099999,95866099999,94865099999,94864099999"
melbourne,2024-04-28,22.1,8,14.2,22.1,6.8,14,7.6,68.2,0,0,0,,0,0,36.7,18.6,0.2,1021.9,70.8,18.3,146.5,12.6,6,10,2024-04-28T06:58:32,2024-04-28T17:36:19,0.64,Partially cloudy,Partly cloudy throughout the day.,partly-cloudy-day,"95874099999,94866099999,C7520,95936099999,95866099999,94865099999,94864099999"
melbourne,2024-04-29,16,11.5,14.3,16,11.5,14.3,7.4,63.4,0,0,0,rain,0,0,33.5,13.3,188.4,1023.4,93.6,15.2,33.9,2.9,2,10,2024-04-29T06:59:27,2024-04-29T17:35:08,0.68,Overcast,Cloudy skies throughout the day.,cloudy,"95874099999,94866099999,C7520,95936099999,95866099999,94865099999,94864099999"
melbourne,2024-04-30,14.9,10.5,12.5,14.9,10.5,12.5,7.7,73,0.039,100,4.17,rain,0,0,28.4,13.6,157,1030.6,84.4,16.7,85.7,7.5,8,10,2024-04-30T07:00:21,2024-04-30T17:33:59,0.72,"Rain, Partially cloudy",Partly cloudy throughout the day with morning rain.,rain,"95874099999,94866099999,C7520,95936099999,95866099999,94865099999,94864099999"
melbourne,2024-05-01,16.9,8.3,12.3,16.9,7.8,12.3,8.8,80.7,0,0,0,rain,0,0,28.1,25.9,182.2,1031.7,33.8,12.3,137.1,11.8,6,10,2024-05-01T07:01:15,2024-05-01T17:32:50,0.75,Partially cloudy,Partly cloudy throughout the day.,partly-cloudy-day,"YMAV,95874099999,94866099999,C7520,95936099999,95866099999,94865099999,YMML,94864099999"
melbourne,2024-05-02,16.2,7.4,11.1,16.2,5.3,10.5,8.8,86.8,0.009,100,4.17,rain,0,0,16.9,13.5,248.2,1031.6,30.4,12.4,107.9,9.4,6,10,2024-05-02T07:02:09,2024-05-02T17:31:43,0.79,"Rain, Partially cloudy",Partly cloudy throughout the day with morning rain.,rain,"YMAV,95874099999,94866099999,C7520,95936099999,YMML,95866099999,94865099999,94864099999"
melbourne,2024-05-03,16.7,6.6,11.2,16.7,5.1,10.8,8.6,85,0.007,100,4.17,rain,0,0,15.1,9.2,65.4,1028.9,44.6,12.3,106.2,9.1,5,10,2024-05-03T07:03:03,2024-05-03T17:30:37,0.82,"Rain, Partially cloudy",Partly cloudy throughout the day with morning rain.,rain,"95874099999,94866099999,C7520,95936099999,95866099999,94865099999,94864099999"
melbourne,2024-05-04,16,6.5,10.3,16,5.7,10.2,8.7,90.8,0.009,100,4.17,rain,0,0,11.2,7.5,34.6,1025.8,77.7,12.8,81.4,6.9,6,10,2024-05-04T07:03:57,2024-05-04T17:29:32,0.86,"Rain, Partially cloudy",Partly cloudy throughout the day with morning rain.,rain,"95874099999,94866099999,C7520,95936099999,95866099999,94865099999,94864099999"
melbourne,2024-05-05,17.3,8.9,13.2,17.3,8.9,13.2,10.5,84.8,0,0,0,,0,0,36.7,13,163.8,1026.9,51.3,13.3,85,7.2,6,10,2024-05-05T07:04:51,2024-05-05T17:28:29,0.89,Partially cloudy,Partly cloudy throughout the day.,partly-cloudy-day,"95874099999,94866099999,C7520,95936099999,95866099999,94865099999,94864099999"
melbourne,2024-05-06,19.1,9.7,13.7,19.1,9.7,13.7,10.4,82.2,0.009,100,8.33,rain,0,0,34.9,13,160.7,1031.4,29,14.8,120.6,10.6,7,10,2024-05-06T07:05:44,2024-05-06T17:27:27,0.93,"Rain, Partially cloudy",Partly cloudy throughout the day with rain in the morning and afternoon.,rain,"95874099999,94866099999,C7520,95936099999,95866099999,94865099999,94864099999"
melbourne,2024-05-07,15.7,8.7,12.1,15.7,7.3,12,10.2,88.9,0.002,100,4.17,rain,0,0,12.6,9.5,302.2,1031.5,21.5,11.8,125.5,10.8,5,10,2024-05-07T07:06:38,2024-05-07T17:26:26,0.96,"Rain, Partially cloudy",Clearing in the afternoon with morning rain.,rain,"95874099999,94866099999,C7520,95936099999,95866099999,94865099999,94864099999"
melbourne,2024-05-08,17.8,10.4,13.5,17.8,10.4,13.5,10.7,84.2,0,0,0,,0,0,16.9,10.1,295.8,1031.1,31.2,10.9,126,10.9,5,10,2024-05-08T07:07:31,2024-05-08T17:25:26,0,Partially cloudy,Clearing in the afternoon.,partly-cloudy-day,"YMAV,95874099999,94866099999,C7520,95936099999,94895599999,95866099999,94865099999,YMML,94864099999"
melbourne,2024-05-09,16.1,9.1,12.9,16.1,9.1,12.9,11.9,94.1,0.004,100,4.17,rain,0,0,13,7.5,232.5,1030.5,74.3,8.9,61.5,5.3,3,10,2024-05-09T07:08:24,2024-05-09T17:24:28,0.03,"Rain, Partially cloudy",Partly cloudy throughout the day with late afternoon rain.,rain,"94860099999,95874099999,94866099999,95936099999,95866099999,94872099999,94898099999,95867099999,C7520,94865099999,94864099999,94854099999,94870099999"
melbourne,2024-05-10,16.6,13,14.5,16.6,13,14.5,14,97.2,14.247,100,12.5,rain,0,0,16.6,5.7,205.5,1029.2,97.1,9.5,51,4.3,3,10,2024-05-10T07:09:17,2024-05-10T17:23:31,0.06,"Rain, Overcast",Cloudy skies throughout the day with rain.,rain,"95874099999,94866099999,C7520,95936099999,95866099999,94865099999,94864099999"
melbourne,2024-05-11,18.9,11,15,18.9,11,15,12,83.9,1.795,100,12.5,rain,0,0,22,13.1,119,1026.9,82.8,11.6,66.7,5.6,3,10,2024-05-11T07:10:09,2024-05-11T17:22:36,0.1,"Rain, Partially cloudy",Partly cloudy throughout the day with a chance of rain throughout the day.,rain,"95874099999,94866099999,C7520,95936099999,95866099999,94865099999,94864099999"
melbourne,2024-05-12,18.2,7.3,12.4,18.2,6.6,12.3,10.6,89.9,0.011,100,8.33,rain,0,0,9.4,8.9,203.5,1023.5,29.9,15.5,121.5,10.6,5,10,2024-05-12T07:11:01,2024-05-12T17:21:42,0.13,"Rain, Partially cloudy",Partly cloudy throughout the day with rain in the morning and afternoon.,rain,"95874099999,C9254,94866099999,C7520,95936099999,95866099999,94865099999,94864099999"
melbourne,2024-05-13,18.1,7,13.3,18.1,5.7,13.1,10.3,83.2,0,0,0,rain,0,0,28.4,11.3,231.9,1022.8,41.1,17.3,105,9,5,10,2024-05-13T07:11:53,2024-05-13T17:20:49,0.16,Partially cloudy,Partly cloudy throughout the day.,partly-cloudy-day,"C9254,95874099999,94866099999,95936099999,C7520,95866099999,94865099999,94864099999"
melbourne,2024-05-14,16.5,9.3,13.3,16.5,9.3,13.3,7.3,68,0,0,0,,0,0,18.7,10.7,232.8,1028,42.8,16.9,62,5.2,3,10,2024-05-14T07:12:45,2024-05-14T17:19:58,0.19,Partially cloudy,Partly cloudy throughout the day.,partly-cloudy-day,"C9254,95874099999,94866099999,95936099999,C7520,95866099999,94865099999,94864099999"
melbourne,2024-05-15,17,5.6,10.9,17,5.1,10.7,7.6,82.5,0,0,0,,0,0,11.2,11,339.1,1029,49.3,17.1,92.2,8,5,10,2024-05-15T07:13:36,2024-05-15T17:19:08,0.25,Partially cloudy,Clearing in the afternoon.,partly-cloudy-day,"C9254,95874099999,94866099999,95936099999,C7520,95866099999,94865099999,94864099999"
melbourne,2024-05-16,17.6,6.3,11.1,17.6,4.8,10.8,8,83.3,0,0,0,,0,0,9,7.7,49.8,1028.5,3.5,16,41.8,3.5,5,10,2024-05-16T07:14:27,2024-05-16T17:18:20,0.26,Clear,Clear conditions throughout the day.,clear-day,"C9254,95874099999,94866099999,95936099999,C7520,95866099999,94865099999,94864099999"
melbourne,2024-05-17,15.5,6.2,11.3,15.5,6.2,11.2,8.3,82.8,0.024,100,8.33,rain,0,0,37.4,17.2,197.6,1027.3,64.1,15.2,36.1,3,2,10,2024-05-17T07:15:17,2024-05-17T17:17:34,0.29,"Rain, Partially cloudy",Partly cloudy throughout the day with rain.,rain,"C9254,95874099999,94866099999,95936099999,C7520,95866099999,94865099999,94864099999"
melbourne,2024-05-18,13.9,6.3,10.2,13.9,6.3,9.8,2.8,61.6,1.973,100,8.33,rain,0,0,35.3,13.3,165.1,1031.2,48.3,16.7,118.9,10.3,5,10,2024-05-18T07:16:07,2024-05-18T17:16:49,0.32,"Rain, Partially cloudy",Partly cloudy throughout the day with rain clearing later.,rain,"95874099999,C9254,94866099999,C7520,95936099999,95866099999,94865099999,94864099999"
melbourne,2024-05-19,14.8,6.9,11.6,14.8,6.9,11.4,8,78.8,0.051,100,8.33,rain,0,0,34.2,12.1,279.7,1024.8,91.7,15.3,37.6,3.1,2,10,2024-05-19T07:16:57,2024-05-19T17:16:05,0.35,"Rain, Overcast",Cloudy skies throughout the day with rain.,rain,"95874099999,C9254,94866099999,C7520,95936099999,95866099999,94865099999,94864099999"
melbourne,2024-05-20,14.5,8.9,11.7,14.5,7.8,11.6,9.7,88.2,3.089,100,16.67,rain,0,0,24.8,11.5,229.4,1027.2,86.4,12.1,54.9,4.9,3,10,2024-05-20T07:17:46,2024-05-20T17:15:24,0.39,"Rain, Partially cloudy",Partly cloudy throughout the day with a chance of rain throughout the day.,rain,"C9254,95874099999,94866099999,95936099999,C7520,95866099999,94865099999,94864099999"
melbourne,2024-05-21,14.4,6.9,10.9,14.4,6.9,10.9,8.6,86.9,0.823,100,8.33,rain,0,0,20.9,11,206.4,1029.8,76.4,14.5,59,5,5,10,2024-05-21T07:18:34,2024-05-21T17:14:44,0.42,"Rain, Partially cloudy",Partly cloudy throughout the day with rain clearing later.,rain,"C9254,95874099999,94866099999,95936099999,C7520,95866099999,94865099999,94864099999"
melbourne,2024-05-22,15.8,5.1,10.4,15.8,3.4,9.9,8.1,86.8,0.377,100,8.33,rain,0,0,13.7,9.2,40.8,1028,53.6,17.9,54.9,4.7,4,10,2024-05-22T07:19:22,2024-05-22T17:14:05,0.45,"Rain, Partially cloudy",Partly cloudy throughout the day with rain in the morning and afternoon.,rain,"95874099999,C9254,94866099999,C7520,95936099999,95866099999,94865099999,94864099999"
melbourne,2024-05-23,15,6.1,11.4,15,6.1,11.3,9.2,87.6,0.012,100,8.33,rain,0,0,10.1,7.7,43.1,1028,71.1,16,43.7,3.7,4,10,2024-05-23T07:20:09,2024-05-23T17:13:28,0.5,"Rain, Partially cloudy",Partly cloudy throughout the day with rain clearing later.,rain,"AV396,95874099999,C9254,94866099999,C7520,95936099999,95866099999,94865099999,94864099999"
melbourne,2024-05-24,13.7,5.1,9.8,13.7,4.1,9.6,8.3,90.7,0,0,0,,0,0,11.5,8.9,76.2,1028.2,89,16.7,41.1,3.5,2,10,2024-05-24T07:20:56,2024-05-24T17:12:53,0.52,Partially cloudy,Partly cloudy throughout the day.,partly-cloudy-day,"C9254,95874099999,94866099999,95936099999,C7520,95866099999,94865099999,94864099999"
melbourne,2024-05-25,16,8.4,11.5,16,8.4,11.5,9.7,90,0,0,0,,0,0,10.4,9.1,294.6,1027,60.1,13.6,90.7,7.9,5,10,2024-05-25T07:21:42,2024-05-25T17:12:20,0.55,Partially cloudy,Partly cloudy throughout the day.,partly-cloudy-day,"95874099999,94866099999,C7520,95936099999,95866099999,94865099999,94864099999"
melbourne,2024-05-26,16.2,5.3,9.8,16.2,3.4,9.1,7.4,87.1,0.011,100,4.17,rain,0,0,14.4,10.7,40.5,1025.7,12.5,12.4,105,9.1,5,10,2024-05-26T07:22:27,2024-05-26T17:11:48,0.59,Rain,Clear conditions throughout the day with morning rain.,rain,"95874099999,C9254,94866099999,C7520,95936099999,95866099999,94865099999,94864099999"
melbourne,2024-05-27,19.5,4.7,11.3,19.5,0.7,10.6,5.9,72.6,0.016,100,4.17,rain,0,0,19.8,19.6,21.4,1025.6,2.4,16.5,107.2,9.3,5,10,2024-05-27T07:23:11,2024-05-27T17:11:18,0.63,Rain,Clear conditions throughout the day with morning rain.,rain,"YMAV,C9254,95874099999,94866099999,95936099999,94895599999,C7520,95866099999,94865099999,YMML,94864099999"
melbourne,2024-05-28,19.5,7.5,12.5,19.5,6.1,11.8,5.9,66,0,0,0,,0,0,30.6,14.8,21,1026.3,1.7,17.5,67.4,5.8,5,10,2024-05-28T07:23:55,2024-05-28T17:10:50,0.66,Clear,Clear conditions throughout the day.,clear-day,"95874099999,C9254,94866099999,C7520,95936099999,95866099999,94865099999,94864099999"
melbourne,2024-05-29,19.1,8.3,14.4,19.1,7.1,14.2,5.6,57,0.002,100,4.17,rain,0,0,56.5,26.1,360,1022.6,34.9,17.1,104.1,9,5,10,2024-05-29T07:24:37,2024-05-29T17:10:23,0.7,"Rain, Partially cloudy",Partly cloudy throughout the day with morning rain.,rain,"95874099999,C9254,94866099999,C7520,95936099999,95866099999,94865099999,94864099999"
melbourne,2024-05-30,20.1,15.7,17.7,20.1,15.7,17.7,10.5,64.1,0.117,100,4.17,rain,0,0,69.5,31.7,359.2,1012.9,75.8,18.4,38.8,3.4,2,10,2024-05-30T07:25:19,2024-05-30T17:09:58,0.73,"Rain, Partially cloudy",Partly cloudy throughout the day with late afternoon rain.,rain,"95874099999,C9254,94866099999,C7520,95936099999,95866099999,94865099999,94864099999"
melbourne,2024-05-31,17.9,12.8,15.3,17.9,12.8,15.3,6.7,57,3.598,100,4.17,rain,0,0,47.9,22.4,327.3,1012.9,61.5,15.8,100,8.7,5,10,2024-05-31T07:26:00,2024-05-31T17:09:35,0.75,"Rain, Partially cloudy",Partly cloudy throughout the day with morning rain.,rain,"95874099999,94866099999,C7520,95936099999,95866099999,94865099999,94864099999"
melbourne,2024-06-01,13.4,7.2,10.4,13.4,7.2,10.2,6.3,75.9,0.042,100,12.5,rain,0,0,26.3,13,211.8,1025.3,27.6,16,56.3,4.9,3,10,2024-06-01T07:26:40,2024-06-01T17:09:14,0.8,"Rain, Partially cloudy",Partly cloudy throughout the day with rain.,rain,"95874099999,94866099999,C7520,95936099999,95866099999,94865099999,94864099999"
melbourne,2024-06-02,13.1,5.5,9.9,13.1,5.5,9.9,6.7,81.6,0.194,100,4.17,rain,0,0,28.8,15.6,173.7,1025.2,54.1,16.2,57.5,5,3,10,2024-06-02T07:27:20,2024-06-02T17:08:54,0.84,"Rain, Partially cloudy",Partly cloudy throughout the day with morning rain.,rain,"95874099999,94866099999,C7520,95936099999,95866099999,94865099999,94864099999"
melbourne,2024-06-03,13.5,8,10.8,13.5,7.2,10.6,6.9,77.7,0.726,100,8.33,rain,0,0,25.2,11.4,233.9,1016,86.7,16.7,34.1,2.8,2,10,2024-06-03T07:27:58,2024-06-03T17:08:36,0.88,"Rain, Partially cloudy",Partly cloudy throughout the day with rain in the morning and afternoon.,rain,"95874099999,C9254,94866099999,C7520,95936099999,95866099999,94865099999,94864099999"
melbourne,2024-06-04,13,7.2,10.5,13,6.8,10.4,5.8,74,0,0,0,,0,0,18.4,14.1,316.3,1017.5,95.4,16.7,51,4.3,4,10,2024-06-04T07:28:35,2024-06-04T17:08:20,0.91,Overcast,Cloudy skies throughout the day.,cloudy,"YMAV,C9254,95874099999,94866099999,95936099999,C7520,95866099999,94865099999,YMML,94864099999"
melbourne,2024-06-05,14.4,8.5,11.1,14.4,7.9,11,7.6,79.6,0,0,0,,0,0,26.3,9.9,209.3,1022.5,95.9,16.7,40,3.6,2,10,2024-06-05T07:29:11,2024-06-05T17:08:06,0.95,Overcast,Cloudy skies throughout the day.,cloudy,"C9254,95874099999,94866099999,95936099999,C7520,95866099999,94865099999,94864099999"
melbourne,2024-06-06,16.1,9.1,12.3,16.1,9.1,12.3,9.2,82.7,0,0,0,,0,0,30.6,16.5,166.7,1026,48.1,16.5,82.4,7.1,5,10,2024-06-06T07:29:45,2024-06-06T17:07:54,0,Partially cloudy,Partly cloudy throughout the day.,partly-cloudy-day,"C9254,95874099999,94866099999,95936099999,C7520,95866099999,94865099999,94864099999"
melbourne,2024-06-07,16.8,9.3,12,16.8,7.9,11.9,10.2,89.7,0.002,100,4.17,rain,0,0,31,15.1,164.1,1023.1,21.2,18.2,99.6,8.6,5,10,2024-06-07T07:30:19,2024-06-07T17:07:43,0.02,"Rain, Partially cloudy",Partly cloudy throughout the day with morning rain.,rain,"95874099999,94857099999,94866099999,94856099999,95936099999,95866099999,remote,94872099999,94898099999,94863099999,95867099999,C7520,94865099999,94864099999"
melbourne,2024-06-08,13.3,7,11,13.3,7,11,10.2,94.8,0,0,0,rain,0,0,15.5,9.3,205.1,1017.4,79.1,12.1,37.3,3.3,2,10,2024-06-08T07:30:51,2024-06-08T17:07:34,0.05,Partially cloudy,Partly cloudy throughout the day.,partly-cloudy-day,"95874099999,C9254,94866099999,C7520,95936099999,95866099999,94865099999,94864099999"
melbourne,2024-06-09,14,9,12,14,9,12,9.2,83.6,0.462,100,12.5,rain,0,0,23.4,9.2,264.3,1018.7,80.5,13.8,30.8,2.7,2,10,2024-06-09T07:31:23,2024-06-09T17:07:27,0.08,"Rain, Partially cloudy",Partly cloudy throughout the day with rain.,rain,"95874099999,94866099999,C7520,95936099999,95866099999,94865099999,94864099999"
melbourne,2024-06-10,15.1,5.4,10.5,15.1,3.5,10.3,5.7,75.5,0.838,100,4.17,rain,0,0,54.7,25.6,5.3,1021.4,56,16.7,97.5,8.5,6,10,2024-06-10T07:31:53,2024-06-10T17:07:21,0.11,"Rain, Partially cloudy",Partly cloudy throughout the day with morning rain.,rain,"95874099999,94866099999,C7520,95936099999,95866099999,94865099999,94864099999"
melbourne,2024-06-11,16.4,10.7,13.1,16.4,10.7,13.1,8.6,74.1,2.802,100,12.5,rain,0,0,72.7,29,354.5,1010.6,78.5,17,29.5,2.5,2,10,2024-06-11T07:32:21,2024-06-11T17:07:18,0.15,"Rain, Partially cloudy",Partly cloudy throughout the day with a chance of rain throughout the day.,rain,"95874099999,94866099999,C7520,95936099999,95866099999,94865099999,94864099999"
melbourne,2024-06-12,13.9,9.4,11.4,13.9,8.4,11.4,6.7,73.5,5.737,100,12.5,rain,0,0,52.9,17.4,226.3,1016.7,88.1,14.8,48.3,4.2,3,10,2024-06-12T07:32:48,2024-06-12T17:07:16,0.18,"Rain, Partially cloudy",Partly cloudy throughout the day with a chance of rain throughout the day.,rain,"95874099999,94866099999,C7520,95936099999,95866099999,94865099999,94864099999"
melbourne,2024-06-13,10.1,7.8,9.1,10.1,7.4,8.9,8,92.9,0.754,100,12.5,rain,0,0,22.7,7.5,262.2,1022.5,98,12.9,19.5,1.6,1,10,2024-06-13T07:33:14,2024-06-13T17:07:16,0.21,"Rain, Overcast",Cloudy skies throughout the day with a chance of rain throughout the day.,rain,"95874099999,C9254,94866099999,C7520,95936099999,95866099999,94865099999,94864099999"
melbourne,2024-06-14,12.1,7.4,9.5,12.1,7.4,9.4,8.1,91.8,1.075,100,4.17,rain,0,0,8.3,7.3,48.3,1020.4,93.7,9.4,47.4,4.1,2,10,2024-06-14T07:33:39,2024-06-14T17:07:17,0.25,"Rain, Overcast",Cloudy skies throughout the day with morning rain.,rain,"95874099999,C9254,94866099999,C7520,95936099999,95866099999,94865099999,94864099999"
melbourne,2024-06-15,13.5,4.2,8.7,13.5,4.2,8.5,6.7,88.1,0.017,100,4.17,rain,0,0,28.1,14.9,156.6,1021.6,53.5,11.5,83.2,7,5,10,2024-06-15T07:34:02,2024-06-15T17:07:20,0.28,"Rain, Partially cloudy",Partly cloudy throughout the day with morning rain.,rain,"94898099999,95874099999,94866099999,95867099999,C7520,95936099999,95866099999,94865099999,94864099999"
melbourne,2024-06-16,13.1,6.3,9.9,13.1,5.4,9.6,6.6,80.8,0.035,100,8.33,rain,0,0,32,16.6,204,1021.9,52.4,14.8,54.8,4.6,5,10,2024-06-16T07:34:23,2024-06-16T17:07:25,0.31,"Rain, Partially cloudy",Becoming cloudy in the afternoon with rain.,rain,"95874099999,94866099999,C7520,95936099999,95866099999,94865099999,94864099999"
melbourne,2024-06-17,13.5,6,10.2,13.5,6,10.1,6.1,76.9,0.217,100,8.33,rain,0,0,20.9,11.8,187.1,1021.7,27.9,15.6,44.4,3.8,3,10,2024-06-17T07:34:44,2024-06-17T17:07:32,0.34,"Rain, Partially cloudy",Partly cloudy throughout the day with rain clearing later.,rain,"95874099999,C9254,94866099999,C7520,95936099999,95866099999,94865099999,94864099999"
melbourne,2024-06-18,12.2,3.4,7.6,12.2,1,7.1,4.3,80.9,0,0,0,,0,0,14.8,9.2,48.1,1019.8,23.6,16.7,86.1,7.4,5,10,2024-06-18T07:35:02,2024-06-18T17:07:40,0.37,Partially cloudy,Partly cloudy throughout the day.,partly-cloudy-day,"C9254,95874099999,94866099999,95936099999,C7520,95866099999,94865099999,94864099999"
melbourne,2024-06-19,12.5,1.3,6.3,12.5,-1.4,4.9,2.1,76.2,0,0,0,,0,0,25.2,11.2,28.2,1017.3,30.2,15.8,75.2,6.5,4,10,2024-06-19T07:35:19,2024-06-19T17:07:49,0.4,Partially cloudy,Partly cloudy throughout the day.,partly-cloudy-day,"95874099999,C9254,94866099999,C7520,95936099999,95866099999,94865099999,94864099999"
melbourne,2024-06-20,13.4,5.4,8.5,13.4,3.4,7.6,3.4,71.2,0.002,100,4.17,rain,0,0,21.2,10.9,35.8,1017.1,76.8,16.5,68.2,5.8,4,10,2024-06-20T07:35:35,2024-06-20T17:08:01,0.44,"Rain, Partially cloudy",Partly cloudy throughout the day with morning rain.,rain,"C9254,95874099999,94866099999,95936099999,C7520,95866099999,94865099999,94864099999"
melbourne,2024-06-21,12.9,4.4,8.2,12.9,3.4,8.1,5.5,83.9,0,0,0,,0,0,23.4,12.8,197.1,1023.1,58,15.1,48.9,4.2,3,10,2024-06-21T07:35:48,2024-06-21T17:08:14,0.47,Partially cloudy,Partly cloudy throughout the day.,partly-cloudy-day,"94860099999,C9254,95874099999,94866099999,95936099999,C7520,95866099999,94865099999,94872099999,94864099999,94870099999"
melbourne,2024-06-22,12.9,5.3,9.1,12.9,5.3,8.9,6.8,86.7,0.191,100,4.17,rain,0,0,21.2,10.8,199,1029.6,61.1,16.8,69,5.8,5,10,2024-06-22T07:36:01,2024-06-22T17:08:28,0.5,"Rain, Partially cloudy",Partly cloudy throughout the day with morning rain.,rain,"95874099999,94866099999,C7520,95936099999,95866099999,94865099999,94864099999"
melbourne,2024-06-23,14.9,2.1,7.8,14.9,-0.6,6.6,4.1,80.6,0,0,0,,0,0,27,13.2,20.2,1025.4,16.9,15.3,83.7,7.2,4,10,2024-06-23T07:36:11,2024-06-23T17:08:44,0.54,Clear,Clear conditions throughout the day.,clear-day,"95874099999,C9254,94866099999,C7520,95936099999,95866099999,94865099999,94864099999"
melbourne,2024-06-24,12.5,4.9,8.8,12.5,2.7,7.8,4,72.8,0.007,100,4.17,rain,0,0,47.2,22.5,9.6,1017.2,85.5,16.7,38.9,3.3,2,10,2024-06-24T07:36:20,2024-06-24T17:09:02,0.57,"Rain, Partially cloudy",Partly cloudy throughout the day with morning rain.,rain,"C9254,95874099999,94866099999,95936099999,95866099999,94865099999,94864099999"
melbourne,2024-06-25,16.4,9.6,12.2,16.4,7.9,12,5.4,64,0,0,0,,0,0,48.2,21.7,3.4,1014.5,53.8,15.6,95.3,8.1,4,10,2024-06-25T07:36:27,2024-06-25T17:09:21,0.61,Partially cloudy,Partly cloudy throughout the day.,partly-cloudy-day,"94860099999,C9254,95874099999,94866099999,95936099999,C7520,95866099999,94865099999,94872099999,94864099999,94870099999"
melbourne,2024-06-26,13.6,10.1,11.7,13.6,10.1,11.7,4.5,61.5,0.188,100,4.17,rain,0,0,49.7,20.4,351.9,1014.8,52.3,14.2,66,5.7,5,10,2024-06-26T07:36:32,2024-06-26T17:09:41,0.65,"Rain, Partially cloudy",Partly cloudy throughout the day with morning rain.,rain,"94860099999,95874099999,94866099999,C7520,95936099999,95866099999,94865099999,94872099999,94864099999,94870099999"
melbourne,2024-06-27,15.6,9,11.9,15.6,7.2,11.6,5.5,66.4,0.185,100,4.17,rain,0,0,43.9,14.5,340.2,1019.3,48.4,17.8,55.4,4.8,3,10,2024-06-27T07:36:36,2024-06-27T17:10:03,0.68,"Rain, Partially cloudy",Partly cloudy throughout the day with morning rain.,rain,"94860099999,95874099999,C9254,94866099999,C7520,95936099999,95866099999,94865099999,94872099999,94864099999,94854099999,94870099999"
melbourne,2024-06-28,16.1,8.3,13,16.1,6.2,12.4,5.8,63.8,0,0,0,,0,0,57.2,27.7,359.2,1019.9,72.4,16.3,72.9,6.3,5,10,2024-06-28T07:36:38,2024-06-28T17:10:26,0.72,Partially cloudy,Partly cloudy throughout the day.,partly-cloudy-day,"C9254,95874099999,94866099999,95936099999,C7520,95866099999,94865099999,94864099999"
melbourne,2024-06-29,14.6,9,11.7,14.6,8,11.5,5.9,70.9,0.17,100,8.33,rain,0,0,64.8,27.4,351.6,1014.1,95.2,15.7,14.5,1.3,1,10,2024-06-29T07:36:38,2024-06-29T17:10:51,0.75,"Rain, Overcast",Cloudy skies throughout the day with rain.,rain,"95874099999,C9254,94866099999,C7520,95936099999,95866099999,94865099999,94864099999"
melbourne,2024-06-30,11.9,6.9,8.8,11.9,5.1,7.8,6.2,83.8,7.207,100,16.67,rain,0,0,34.6,16,210.5,1021.3,70.4,15.1,53.8,4.6,3,10,2024-06-30T07:36:37,2024-06-30T17:11:17,0.79,"Rain, Partially cloudy",Partly cloudy throughout the day with a chance of rain throughout the day.,rain,"95874099999,C9254,94866099999,C7520,95936099999,95866099999,94865099999,94864099999"
melbourne,2024-07-01,11.5,6.9,9.1,11.5,5.5,8.8,5.7,80.2,0.29,100,8.33,rain,0,0,26.3,11,192.4,1028.1,47.2,17.1,31.4,2.6,2,10,2024-07-01T07:36:34,2024-07-01T17:11:44,0.82,"Rain, Partially cloudy",Clearing in the afternoon with rain clearing later.,rain,"95874099999,C9254,94866099999,C7520,95936099999,95866099999,94865099999,94864099999"
melbourne,2024-07-02,12,3.7,7.1,12,1,6.6,3.5,79.8,0.007,100,4.17,rain,0,0,17.3,11.1,119,1033.7,20.9,15.6,75.4,6.4,5,10,2024-07-02T07:36:28,2024-07-02T17:12:13,0.86,"Rain, Partially cloudy",Partly cloudy throughout the day with morning rain.,rain,"C9254,95874099999,94866099999,95936099999,C7520,95866099999,94865099999,94864099999"
melbourne,2024-07-03,11.1,0.9,5.6,11.1,-2.3,4.5,2.8,83.1,0.01,100,8.33,rain,0,0,15.5,10.7,63.6,1037,1.3,15.1,67,5.8,5,10,2024-07-03T07:36:22,2024-07-03T17:12:42,0.9,Rain,Clear conditions throughout the day with rain.,rain,"95874099999,C9254,94866099999,C7520,95936099999,95866099999,94865099999,94864099999"
melbourne,2024-07-04,10.9,1.5,5.7,10.9,-1.7,4.8,4.8,94.2,0.006,100,8.33,rain,0,0,11.2,10.6,32.2,1038.7,21.5,10.3,40.4,3.5,2,10,2024-07-04T07:36:13,2024-07-04T17:13:13,0.93,"Rain, Partially cloudy",Partly cloudy throughout the day with rain in the morning and afternoon.,rain,"95874099999,C9254,94866099999,C7520,95936099999,95866099999,94865099999,94864099999"
melbourne,2024-07-05,11.3,6.7,9.2,11.3,6.4,9,7.4,89.6,0.014,100,4.17,rain,0,0,28.1,9.5,183.7,1040.1,62.8,12.5,31,2.7,2,10,2024-07-05T07:36:02,2024-07-05T17:13:45,0.97,"Rain, Partially cloudy",Partly cloudy throughout the day with morning rain.,rain,"C9254,95874099999,94866099999,95936099999,C7520,95866099999,94865099999,94864099999"
melbourne,2024-07-06,9.9,4.3,6.8,9,4.3,6.5,4.9,88.2,0,0,0,,0,0,9.7,9.2,131.4,1039.5,30.3,13.5,58.3,5.1,4,10,2024-07-06T07:35:50,2024-07-06T17:14:18,0,Partially cloudy,Partly cloudy throughout the day.,partly-cloudy-day,"C9254,95874099999,94866099999,95936099999,C7520,95866099999,94865099999,94864099999"
melbourne,2024-07-07,15.9,2.5,8.4,15.9,0.4,7.7,4.6,79.6,0,0,0,,0,0,18.4,15.9,32.5,1031.9,38.9,12,83.1,7.3,5,10,2024-07-07T07:35:36,2024-07-07T17:14:53,0.04,Partially cloudy,Partly cloudy throughout the day.,partly-cloudy-day,"C9254,95874099999,94866099999,95936099999,C7520,95866099999,94865099999,94864099999"
melbourne,2024-07-08,16.4,4.9,11.2,16.4,4.9,11,7.2,77.4,0,0,0,rain,0,0,41.8,22.1,17.7,1021,83.6,18.3,52.8,4.5,2,10,2024-07-08T07:35:20,2024-07-08T17:15:28,0.07,Partially cloudy,Partly cloudy throughout the day.,partly-cloudy-day,"95874099999,C9254,94866099999,C7520,95936099999,95866099999,94865099999,94864099999"
melbourne,2024-07-09,12.6,10.8,11.7,12.6,10.8,11.7,11.6,99.4,8.844,100,16.67,rain,0,0,37.8,13.5,234.7,1019.9,99.8,8.6,20.4,1.8,1,10,2024-07-09T07:35:02,2024-07-09T17:16:04,0.1,"Rain, Overcast",Cloudy skies throughout the day with a chance of rain throughout the day.,rain,"C9254,95874099999,94866099999,95936099999,C7520,95866099999,94865099999,94864099999"
melbourne,2024-07-10,13.5,10.1,11,13.5,10.1,11,7.5,79.5,11.067,100,8.33,rain,0,0,46.8,18.6,312.7,1020.6,65,15.1,62.1,5.2,3,10,2024-07-10T07:34:43,2024-07-10T17:16:41,0.13,"Rain, Partially cloudy",Partly cloudy throughout the day with rain clearing later.,rain,"95874099999,94866099999,C7520,95936099999,95866099999,94865099999,94864099999"
melbourne,2024-07-11,13.4,10,11.6,13.4,10,11.6,6.6,71.6,0.007,100,4.17,rain,0,0,56.9,28.1,1.3,1016,91.1,20.4,26.8,2.3,1,10,2024-07-11T07:34:21,2024-07-11T17:17:19,0.17,"Rain, Overcast",Cloudy skies throughout the day with morning rain.,rain,"94860099999,95874099999,94866099999,95936099999,95866099999,94872099999,94898099999,95867099999,C7520,94865099999,94864099999,94854099999,94870099999"
melbourne,2024-07-12,14.6,9,11,14.6,8,10.9,9.2,89.3,3.662,100,8.33,rain,0,0,46.1,16.5,357.5,1014.8,66.6,12.6,64.9,5.6,4,10,2024-07-12T07:33:58,2024-07-12T17:17:59,0.2,"Rain, Partially cloudy",Partly cloudy throughout the day with rain clearing later.,rain,"95874099999,C9254,94866099999,C7520,95936099999,95866099999,94865099999,94864099999"
melbourne,2024-07-13,13.4,8,10.1,13.4,6.4,9.6,8,88,1.384,100,8.33,rain,0,0,22.3,11.8,242.2,1016.6,79.4,14.3,80.1,6.8,5,10,2024-07-13T07:33:33,2024-07-13T17:18:38,0.23,"Rain, Partially cloudy",Partly cloudy throughout the day with rain.,rain,"94860099999,95874099999,94866099999,95936099999,95866099999,94872099999,94898099999,95867099999,C7520,94865099999,94864099999,94854099999,94870099999"
melbourne,2024-07-14,11.2,5.9,8.6,11.2,2.7,7.2,6.2,85.7,4.258,100,12.5,rain,0,0,31.3,25.6,246.6,1014.6,82.5,16.8,86.6,7.4,5,10,2024-07-14T07:33:06,2024-07-14T17:19:19,0.25,"Rain, Partially cloudy",Partly cloudy throughout the day with a chance of rain throughout the day.,rain,"YMAV,94860099999,95874099999,94866099999,95936099999,95866099999,94872099999,94898099999,95867099999,C7520,94895599999,94865099999,YMML,94864099999,94854099999,94870099999"
melbourne,2024-07-15,11,6.3,9.1,11,2.4,7.3,6.7,85.5,0.64,100,16.67,rain,0,0,62.6,24.1,277,1006.2,84.4,15.4,26.7,2,1,10,2024-07-15T07:32:38,2024-07-15T17:20:00,0.29,"Rain, Partially cloudy",Partly cloudy throughout the day with a chance of rain throughout the day.,rain,"YMAV,95874099999,94866099999,C7520,95936099999,94895599999,95866099999,94865099999,YMML,94864099999"
melbourne,2024-07-16,13.6,7.1,11.7,13.6,7.1,11.5,11.1,96.2,19.697,100,8.33,rain,0,0,59,16.6,202.5,1006,89.2,12.6,44.8,3.9,2,10,2024-07-16T07:32:08,2024-07-16T17:20:43,0.33,"Rain, Partially cloudy",Partly cloudy throughout the day with rain clearing later.,rain,"95874099999,94866099999,C7520,95936099999,95866099999,94865099999,94864099999"
melbourne,2024-07-17,13.6,8.2,10.5,13.6,7.5,10.4,9.8,95.3,0.234,100,12.5,rain,0,0,35.3,15,225.2,1012.2,69.6,12.3,45,3.9,3,10,2024-07-17T07:31:36,2024-07-17T17:21:26,0.36,"Rain, Partially cloudy",Partly cloudy throughout the day with rain.,rain,"95874099999,94866099999,C7520,95936099999,95866099999,94865099999,94864099999"
melbourne,2024-07-18,11.9,7.4,9.5,11.9,5.7,8.6,5,74.4,1.095,100,8.33,rain,0,0,30.6,13.5,260.8,1015.9,81.3,16,82.8,7.1,5,10,2024-07-18T07:31:02,2024-07-18T17:22:09,0.39,"Rain, Partially cloudy",Partly cloudy throughout the day with rain clearing later.,rain,"95874099999,94866099999,C7520,95936099999,95866099999,94865099999,94864099999"
melbourne,2024-07-19,11.6,7.6,10,11.6,5.2,8.9,4.8,69.9,0.033,100,4.17,rain,0,0,78.5,31.4,359.2,1007.5,96.2,18.5,22.3,1.7,1,10,2024-07-19T07:30:26,2024-07-19T17:22:53,0.42,"Rain, Overcast",Cloudy skies throughout the day with morning rain.,rain,"95874099999,C9254,94866099999,C7520,95936099999,95866099999,94865099999,94864099999"
melbourne,2024-07-20,12,8.8,10.9,12,5.5,10.6,6.6,75.4,2.177,100,12.5,rain,0,0,69.8,29.1,307.2,1001.5,92.6,14,30.1,2.5,1,10,2024-07-20T07:29:49,2024-07-20T17:23:38,0.46,"Rain, Overcast",Cloudy skies throughout the day with rain.,rain,"94860099999,95874099999,94866099999,94856099999,95936099999,95866099999,94872099999,C9254,94863099999,95867099999,C7520,94865099999,YMML,94864099999,94854099999,94870099999"
melbourne,2024-07-21,15.9,8.1,11.6,15.9,6.5,11,7.1,74.3,4.058,100,4.17,rain,0,0,43.6,20.3,345.3,1017.7,71.1,16.1,85.1,7.2,5,10,2024-07-21T07:29:10,2024-07-21T17:24:23,0.5,"Rain, Partially cloudy",Partly cloudy throughout the day with morning rain.,rain,"95874099999,C9254,94866099999,C7520,95936099999,95866099999,94865099999,94864099999"
melbourne,2024-07-22,16.9,11.6,14,16.9,11.6,14,9.3,73.9,0.577,100,4.17,rain,0,0,41.4,18.7,355.6,1021.4,75.9,16.7,84.4,7.3,6,10,2024-07-22T07:28:30,2024-07-22T17:25:09,0.52,"Rain, Partially cloudy",Partly cloudy throughout the day with morning rain.,rain,"95874099999,C9254,94866099999,C7520,95936099999,95866099999,94865099999,94864099999"
melbourne,2024-07-23,17.1,11,14.1,17.1,11,14.1,5.3,56.3,0,0,0,,0,0,54.4,22.5,356.9,1022.4,68.1,17.9,112.3,9.7,5,10,2024-07-23T07:27:48,2024-07-23T17:25:56,0.56,Partially cloudy,Partly cloudy throughout the day.,partly-cloudy-day,"C9254,95874099999,94866099999,95936099999,C7520,95866099999,94865099999,94864099999,94870099999"
melbourne,2024-07-24,15.6,10.3,13.5,15.6,10.3,13.5,4,53,0.178,100,4.17,rain,0,0,66.2,29.2,1.5,1016.2,90.3,19.9,46.9,4.2,2,10,2024-07-24T07:27:04,2024-07-24T17:26:42,0.59,"Rain, Overcast",Cloudy skies throughout the day with morning rain.,rain,"94898099999,95874099999,C9254,94866099999,95867099999,C7520,95936099999,95866099999,94865099999,94864099999"
melbourne,2024-07-25,14.5,10.9,12.3,14.5,10.9,12.3,7.1,71.1,0.158,100,4.17,rain,0,0,71.3,27.7,358.7,1010.2,69.8,17.3,30.8,2.6,3,10,2024-07-25T07:26:18,2024-07-25T17:27:30,0.63,"Rain, Partially cloudy",Partly cloudy throughout the day with afternoon rain.,rain,"C9254,95874099999,94866099999,95936099999,C7520,95866099999,94865099999,94864099999"
melbourne,2024-07-26,14,7.5,11.1,14,5.2,10.4,6.5,73.4,3.045,100,12.5,rain,0,0,54,31.2,360,1016.2,24.9,16.6,92.3,7.9,5,10,2024-07-26T07:25:31,2024-07-26T17:28:17,0.67,"Rain, Partially cloudy",Partly cloudy throughout the day with a chance of rain throughout the day.,rain,"95874099999,C9254,94866099999,C7520,95936099999,95866099999,94865099999,94864099999"
melbourne,2024-07-27,12.4,6.4,9.7,12.4,4,8.9,5.8,77,0.457,100,8.33,rain,0,0,56.5,22.4,339.6,1016.9,82.8,14.5,27.8,2.4,1,10,2024-07-27T07:24:43,2024-07-27T17:29:05,0.7,"Rain, Partially cloudy",Partly cloudy throughout the day with rain.,rain,"95874099999,C9254,94866099999,C7520,95936099999,95866099999,94865099999,94864099999"
melbourne,2024-07-28,11.5,5.4,8,11.5,3,6.4,4,76.5,6.188,100,16.67,rain,0,0,43.6,14.9,245.1,1024.6,73.9,15.1,64.7,5.5,3,10,2024-07-28T07:23:53,2024-07-28T17:29:54,0.75,"Rain, Partially cloudy",Partly cloudy throughout the day with a chance of rain throughout the day.,rain,"95874099999,C9254,94866099999,C7520,95936099999,95866099999,94865099999,94864099999"
melbourne,2024-07-29,11.4,7,9,11.4,5.5,8.6,8.3,95.4,2.689,100,16.67,rain,0,0,25.6,9.3,245.1,1031.4,95.6,11.6,32.5,2.8,2,10,2024-07-29T07:23:01,2024-07-29T17:30:42,0.77,"Rain, Overcast",Cloudy skies throughout the day with a chance of rain throughout the day.,rain,"C9254,95874099999,94866099999,95936099999,C7520,95866099999,94865099999,94864099999"
melbourne,2024-07-30,13.4,5.4,8.8,13.4,3.8,8.5,7.2,90.4,1.088,100,4.17,rain,0,0,14,10.4,210.6,1036.2,52.9,11.4,101.6,8.7,5,10,2024-07-30T07:22:08,2024-07-30T17:31:31,0.81,"Rain, Partially cloudy",Partly cloudy throughout the day with morning rain.,rain,"95874099999,94866099999,C7520,95936099999,95866099999,94865099999,94864099999"
melbourne,2024-07-31,10.2,1.6,5.5,10.2,-0.6,4.9,4.7,94.7,0.022,100,8.33,rain,0,0,12.2,9,28.6,1036.6,15.6,8,48.9,4.3,3,10,2024-07-31T07:21:13,2024-07-31T17:32:20,0.84,Rain,Clear conditions throughout the day with rain in the morning and afternoon.,rain,"95874099999,C9254,94866099999,C7520,95936099999,95866099999,94865099999,94864099999,94870099999"
melbourne,2024-08-01,15.9,0.8,7.4,15.9,-3.5,6.2,3.6,80.2,0.184,100,4.17,rain,0,0,19.4,15.6,21,1033.1,13.4,12.9,55,4.8,5,10,2024-08-01T07:20:17,2024-08-01T17:33:10,0.88,Rain,Clear conditions throughout the day with morning rain.,rain,"YMAV,95874099999,C9254,94866099999,C7520,95936099999,95866099999,94865099999,YMML,94864099999,94870099999"
melbourne,2024-08-02,15.5,4,9.4,15.5,1.3,8.4,3.6,70.1,0.002,100,4.17,rain,0,0,46.4,27.4,5.4,1028.3,58.9,17.1,54.5,4.7,6,10,2024-08-02T07:19:19,2024-08-02T17:34:00,0.92,"Rain, Partially cloudy",Partly cloudy throughout the day with morning rain.,rain,"C9254,95874099999,94866099999,95936099999,C7520,95866099999,94865099999,94864099999"
melbourne,2024-08-03,14,6.5,10.5,14,4.6,10.1,5.5,72.2,0,0,0,rain,0,0,47.5,31.7,358.5,1027.7,68.5,15.5,58.6,5,3,10,2024-08-03T07:18:20,2024-08-03T17:34:49,0.95,Partially cloudy,Partly cloudy throughout the day.,partly-cloudy-day,"YMAV,95874099999,C9254,94866099999,C7520,95936099999,95866099999,94865099999,YMML,94864099999"
melbourne,2024-08-04,15,2.4,8.3,15,-1.6,7.6,4.5,79.3,0.007,100,4.17,rain,0,0,11.9,15.8,33.8,1027.6,83.5,15.4,63.5,5.7,5,10,2024-08-04T07:17:20,2024-08-04T17:35:39,0,"Rain, Partially cloudy",Partly cloudy throughout the day with morning rain.,rain,"YMAV,95874099999,C9254,94866099999,C7520,95936099999,95866099999,94865099999,YMML,94864099999"
melbourne,2024-08-05,15,6.3,9.7,15,4.6,9.1,6.1,80.1,0.004,100,4.17,rain,0,0,23.4,9.3,16.6,1023.6,64.7,16.7,79.3,7.1,6,10,2024-08-05T07:16:18,2024-08-05T17:36:30,0.02,"Rain, Partially cloudy",Partly cloudy throughout the day with afternoon rain.,rain,"95874099999,C9254,94866099999,C7520,95936099999,95866099999,94865099999,94864099999"
melbourne,2024-08-06,17,6.7,11.5,17,5.2,11,5.5,69,0,0,0,,0,0,33.8,20.9,350.5,1022.6,36.1,16,125,10.9,6,10,2024-08-06T07:15:15,2024-08-06T17:37:20,0.05,Partially cloudy,Partly cloudy throughout the day.,partly-cloudy-day,"95874099999,C9254,94866099999,C7520,95936099999,95866099999,94865099999,94864099999"
melbourne,2024-08-07,17.5,8.5,12.3,17.5,7.5,12,6.2,67.6,0,0,0,,0,0,44.3,21.9,357.6,1024.2,51,16.5,117.5,10.1,5,10,2024-08-07T07:14:10,2024-08-07T17:38:10,0.09,Partially cloudy,Partly cloudy throughout the day.,partly-cloudy-day,"95874099999,C9254,94866099999,C7520,95936099999,95866099999,94865099999,94864099999"
melbourne,2024-08-08,13.6,9.4,12.1,13.6,8.4,12,5.5,64.3,0,0,0,rain,0,0,52.2,28.7,0.1,1022.4,90.6,16.7,74.7,6.5,4,10,2024-08-08T07:13:05,2024-08-08T17:39:01,0.12,Overcast,Cloudy skies throughout the day.,cloudy,"C9254,95874099999,94866099999,95936099999,C7520,95866099999,94865099999,94864099999"
melbourne,2024-08-09,17.1,10.8,13.2,17.1,10.8,13.2,6.1,63.1,0,0,0,rain,0,0,45.7,16.8,347.6,1025.2,73.3,17.1,115.7,10.2,7,10,2024-08-09T07:11:58,2024-08-09T17:39:51,0.15,Partially cloudy,Partly cloudy throughout the day.,partly-cloudy-day,"C9254,95874099999,94866099999,95936099999,C7520,95866099999,94865099999,94864099999"
melbourne,2024-08-10,17.1,7.3,11.5,17.1,5.8,11,7.2,76.1,0,0,0,,0,0,11.2,12.5,40.2,1028.8,49.3,16.7,126.3,11,6,10,2024-08-10T07:10:50,2024-08-10T17:40:42,0.18,Partially cloudy,Partly cloudy throughout the day.,partly-cloudy-day,"95874099999,94866099999,C7520,95936099999,95866099999,94865099999,94864099999"
melbourne,2024-08-11,19,5.7,11.5,19,4.2,11.1,6.9,75.7,0,0,0,,0,0,13.7,8.9,17.5,1030.1,13.8,15.4,136.7,11.9,6,10,2024-08-11T07:09:40,2024-08-11T17:41:33,0.22,Clear,Clear conditions throughout the day.,clear-day,"C9254,95874099999,94866099999,95936099999,C7520,95866099999,94865099999,94864099999"
melbourne,2024-08-12,19.2,6.4,12.6,19.2,3.4,11.9,7,70.8,0,0,0,,0,0,38.5,36.3,16.7,1027.8,22,12.5,139.2,12.1,6,10,2024-08-12T07:08:30,2024-08-12T17:42:24,0.25,Partially cloudy,Becoming cloudy in the afternoon.,partly-cloudy-day,"YMAV,95874099999,94866099999,C7520,95936099999,95866099999,94865099999,YMML,94864099999"
melbourne,2024-08-13,20,8.5,14.4,20,5.4,13.9,9,71.3,0,0,0,,0,0,44.6,28.6,5.5,1023.6,27.2,13.5,134.8,11.6,6,10,2024-08-13T07:07:18,2024-08-13T17:43:14,0.25,Partially cloudy,Clearing in the afternoon.,partly-cloudy-day,"YMAV,95874099999,94866099999,C7520,95936099999,YMML,95866099999,94865099999,94864099999"
melbourne,2024-08-14,21.6,12.6,16.3,21.6,12.6,16.3,10.5,69.5,0,0,0,,0,0,47.2,20.5,5.8,1018.3,62.1,16.5,108.9,9.4,6,10,2024-08-14T07:06:05,2024-08-14T17:44:05,0.31,Partially cloudy,Partly cloudy throughout the day.,partly-cloudy-day,"95874099999,94866099999,C7520,95936099999,95866099999,94865099999,94864099999"
melbourne,2024-08-15,20.5,12.9,16.5,20.5,12.9,16.5,10.1,66.9,0,0,0,,0,0,42.5,20,10.9,1015.9,68.5,17.7,97.7,8.4,6,10,2024-08-15T07:04:51,2024-08-15T17:44:56,0.35,Partially cloudy,Partly cloudy throughout the day.,partly-cloudy-day,"95874099999,94866099999,C7520,95936099999,95866099999,94865099999,94864099999"
melbourne,2024-08-16,16.1,11.1,14.8,16.1,11.1,14.8,9.9,72.9,0.039,100,4.17,rain,0,0,55.4,20.9,0.2,1008.5,86.9,16.9,38,3.3,2,10,2024-08-16T07:03:36,2024-08-16T17:45:47,0.38,"Rain, Partially cloudy",Partly cloudy throughout the day with late afternoon rain.,rain,"95874099999,94866099999,C7520,95936099999,95866099999,94865099999,94864099999"
melbourne,2024-08-17,14.6,10.1,11.9,14.6,10.1,11.9,9.1,83.5,1.033,100,12.5,rain,0,0,33.8,12.7,325.3,1007.7,70.3,17.1,67.2,5.9,3,10,2024-08-17T07:02:21,2024-08-17T17:46:37,0.41,"Rain, Partially cloudy",Partly cloudy throughout the day with a chance of rain throughout the day.,rain,"95874099999,94866099999,C7520,95936099999,95866099999,94865099999,94864099999"
melbourne,2024-08-18,15.1,6.7,12.3,15.1,6.7,12.3,10,86.8,1.186,100,8.33,rain,0,0,22.3,13,207.8,1017.6,47.4,14.5,68.6,5.8,3,10,2024-08-18T07:01:04,2024-08-18T17:47:28,0.44,"Rain, Partially cloudy",Partly cloudy throughout the day with rain clearing later.,rain,"95874099999,94866099999,C7520,95936099999,95866099999,94865099999,94864099999"
melbourne,2024-08-19,18,5.6,11.4,18,5,11,8.5,84.2,0.194,100,8.33,rain,0,0,24.5,18.6,8.9,1021.5,38.5,12.7,132,11.4,6,10,2024-08-19T06:59:46,2024-08-19T17:48:19,0.48,"Rain, Partially cloudy",Partly cloudy throughout the day with rain in the morning and afternoon.,rain,"95874099999,94866099999,C7520,95936099999,95866099999,94865099999,94864099999"
melbourne,2024-08-20,17.5,11.1,14.3,17.5,11.1,14.3,9.8,75.4,0.376,100,4.17,rain,0,0,56.9,24.2,6.7,1013.6,87,19.6,52.4,4.5,4,10,2024-08-20T06:58:27,2024-08-20T17:49:09,0.5,"Rain, Partially cloudy",Partly cloudy throughout the day with morning rain.,rain,"95874099999,94866099999,C7520,95936099999,95866099999,94865099999,94864099999"
melbourne,2024-08-21,18,12.1,14.8,18,12.1,14.8,9.8,73,1.271,100,12.5,rain,0,0,36,15.3,337.7,1011.9,69.7,16.1,87.9,7.6,5,10,2024-08-21T06:57:07,2024-08-21T17:50:00,0.55,"Rain, Partially cloudy",Partly cloudy throughout the day with rain.,rain,"95874099999,94866099999,C7520,95936099999,95866099999,94865099999,94864099999"
melbourne,2024-08-22,18.9,11.4,14.8,18.9,11.4,14.8,6.4,59.2,3.673,100,4.17,rain,0,0,36.7,15.1,331.5,1017.1,44.8,16.7,145.7,12.7,6,10,2024-08-22T06:55:47,2024-08-22T17:50:51,0.58,"Rain, Partially cloudy",Clearing in the afternoon with morning rain.,rain,"95874099999,94866099999,C7520,95936099999,95866099999,94865099999,94864099999"
melbourne,2024-08-23,18.1,10.9,14.6,18.1,10.9,14.6,8.7,69,0.076,100,8.33,rain,0,0,76,24.7,1.8,1017.8,87.1,16.6,120.8,10.5,7,10,2024-08-23T06:54:25,2024-08-23T17:51:41,0.62,"Rain, Partially cloudy",Partly cloudy throughout the day with rain.,rain,"95874099999,94866099999,C7520,95936099999,95866099999,94865099999,94864099999"
melbourne,2024-08-24,21.1,15.1,17.5,21.1,15.1,17.5,10,61.7,0.058,100,4.17,rain,0,0,70.2,26,355,1010.6,17,17.9,172,14.9,7,10,2024-08-24T06:53:03,2024-08-24T17:52:32,0.65,Rain,Clear conditions throughout the day with early morning rain.,rain,"95874099999,94866099999,C7520,95936099999,95866099999,94865099999,94864099999"
melbourne,2024-08-25,23,12,16,23,12,16,10.5,71.4,10.036,100,8.33,rain,0,0,64.4,26.3,351,1006.7,45.4,17.3,113.4,9.7,6,30,2024-08-25T06:51:40,2024-08-25T17:53:22,0.69,"Rain, Partially cloudy",Partly cloudy throughout the day with rain.,rain,"95874099999,94866099999,C7520,95936099999,95866099999,94865099999,94864099999"
melbourne,2024-08-26,18.4,12.8,15.4,18.4,12.8,15.4,7.8,61.5,0.42,100,4.17,rain,0,0,43.6,17.2,319,1014.4,61.6,17.1,101.8,8.7,8,10,2024-08-26T06:50:16,2024-08-26T17:54:13,0.75,"Rain, Partially cloudy",Partly cloudy throughout the day with morning rain.,rain,"95874099999,94866099999,C7520,95936099999,95866099999,94865099999,94864099999"
melbourne,2024-08-27,19.4,12.5,16.2,19.4,12.5,16.2,8.3,60.3,0,0,0,,0,0,85.3,33.8,357.9,1010.9,90.5,17.3,83.8,7.3,4,10,2024-08-27T06:48:52,2024-08-27T17:55:03,0.76,Overcast,Cloudy skies throughout the day.,cloudy,"95874099999,94866099999,C7520,95936099999,95866099999,94865099999,94864099999"
melbourne,2024-08-28,19.9,11.1,14.8,19.9,11.1,14.8,4.4,51.4,0.202,100,8.33,rain,0,0,93.6,26.6,303.9,1005.4,54.3,16.3,121.1,10.2,6,10,2024-08-28T06:47:26,2024-08-28T17:55:53,0.79,"Rain, Partially cloudy",Partly cloudy throughout the day with rain.,rain,"95874099999,94866099999,C7520,95936099999,95866099999,94865099999,94864099999"
melbourne,2024-08-29,17.1,11.4,13.9,17.1,11.4,13.9,5.6,57.7,1.167,100,8.33,rain,0,0,71.3,32.2,349.5,1009.1,90.8,15.2,112.6,9.7,6,10,2024-08-29T06:46:00,2024-08-29T17:56:44,0.83,"Rain, Overcast",Cloudy skies throughout the day with rain in the morning and afternoon.,rain,"95874099999,94866099999,C7520,95936099999,95866099999,94865099999,94864099999"
melbourne,2024-08-30,19.4,13.7,16.2,19.4,13.7,16.2,5,48.6,3.594,100,4.17,rain,0,0,89.6,35.9,328.4,997,61.6,16,104.3,9.1,7,10,2024-08-30T06:44:34,2024-08-30T17:57:34,0.86,"Rain, Partially cloudy",Partly cloudy throughout the day with morning rain.,rain,"95874099999,94866099999,C7520,95936099999,95866099999,94865099999,94864099999,94870099999"
melbourne,2024-08-31,17.6,13.1,15.4,17.6,13.1,15.4,5.6,52.2,0,0,0,rain,0,0,71.6,31.7,341,1000.9,61.8,17.3,78.1,6.7,4,10,2024-08-31T06:43:07,2024-08-31T17:58:24,0.9,Partially cloudy,Partly cloudy throughout the day.,partly-cloudy-day,"95874099999,94866099999,C7520,95936099999,95866099999,94865099999,94864099999"
melbourne,2024-09-01,19.1,14.4,16.8,19.1,14.4,16.8,7.6,54.9,0.178,100,4.17,rain,0,0,83.2,32.1,346.1,1002.8,67.4,17.8,78.2,6.9,3,10,2024-09-01T06:41:39,2024-09-01T17:59:14,0.93,"Rain, Partially cloudy",Partly cloudy throughout the day with morning rain.,rain,"95874099999,94866099999,C7520,95936099999,95866099999,94865099999,94864099999"
melbourne,2024-09-02,18.1,9,11.6,18.1,6.8,11,3.9,59.5,3.056,100,16.67,rain,0,0,94.3,32.9,290.6,1011.7,30.1,15.1,136.9,12,7,10,2024-09-02T06:40:11,2024-09-02T18:00:04,0.97,"Rain, Partially cloudy",Partly cloudy throughout the day with a chance of rain throughout the day.,rain,"95874099999,94866099999,C7520,95936099999,95866099999,94865099999,94864099999"
melbourne,2024-09-03,16.5,8.8,11.6,16.5,7.1,11.2,5.7,67.7,2.222,100,4.17,rain,0,0,35.3,11.2,293.3,1028.9,55.2,15,109.6,9.5,5,10,2024-09-03T06:38:42,2024-09-03T18:00:55,0,"Rain, Partially cloudy",Partly cloudy throughout the day with morning rain.,rain,"95874099999,94866099999,C7520,95936099999,95866099999,94865099999,94864099999"
melbourne,2024-09-04,17.6,10.2,14.2,17.6,10.2,14.2,5.7,57.5,0,0,0,,0,0,60.1,34.9,0.8,1020.9,73.7,17.3,142.5,12.3,6,10,2024-09-04T06:37:12,2024-09-04T18:01:45,0.03,Partially cloudy,Partly cloudy throughout the day.,partly-cloudy-day,"95874099999,94866099999,C7520,95936099999,95866099999,94865099999,94864099999"
melbourne,2024-09-05,18.9,14.4,16.8,18.9,14.4,16.8,6.5,52,0.267,100,12.5,rain,0,0,65.9,25.8,4.1,1013.7,98.5,15.8,25,2.1,2,10,2024-09-05T06:35:42,2024-09-05T18:02:35,0.07,"Rain, Overcast",Cloudy skies throughout the day with rain.,rain,"95874099999,94866099999,C7520,95936099999,95866099999,94865099999,94864099999"
melbourne,2024-09-06,24,13.4,18.2,24,13.4,18.2,8.8,57.1,1.573,100,12.5,rain,0,0,74.9,27.1,338.2,1012.6,91.1,16.7,54.8,4.8,5,10,2024-09-06T06:34:12,2024-09-06T18:03:25,0.1,"Rain, Overcast",Cloudy skies throughout the day with rain.,rain,"95874099999,94866099999,C7520,95936099999,95866099999,94865099999,94864099999"
melbourne,2024-09-07,19.1,9.8,14.6,19.1,8.5,14.6,6.4,60.7,0.131,100,4.17,rain,0,0,27.7,20.2,310.4,1022.2,37.8,16,145.1,12.5,6,10,2024-09-07T06:32:41,2024-09-07T18:04:15,0.13,"Rain, Partially cloudy",Becoming cloudy in the afternoon with morning rain.,rain,"95874099999,94866099999,C7520,95936099999,95866099999,94865099999,94864099999"
melbourne,2024-09-08,17.1,11,14,17.1,11,14,7.5,65.4,0.189,100,12.5,rain,0,0,53.6,26.2,333.7,1017.4,51,15.5,112.1,9.6,7,10,2024-09-08T06:31:10,2024-09-08T18:05:05,0.17,"Rain, Partially cloudy",Becoming cloudy in the afternoon with rain.,rain,"95874099999,94866099999,C7520,95936099999,95866099999,94865099999,94864099999"
melbourne,2024-09-09,16.6,11,13.7,16.6,11,13.7,6.5,62.4,2.232,100,12.5,rain,0,0,34.9,23.9,301.1,1018,66.4,16.7,123.8,10.6,6,10,2024-09-09T06:29:39,2024-09-09T18:05:55,0.2,"Rain, Partially cloudy",Partly cloudy throughout the day with a chance of rain throughout the day.,rain,"95874099999,94866099999,C7520,95936099999,95866099999,94865099999,94864099999"
melbourne,2024-09-10,19.6,7.3,14.1,19.6,7.3,14.1,6.9,63.6,0.182,100,8.33,rain,0,0,27.7,22.3,354.9,1022.6,54,18.5,188.1,16.2,7,10,2024-09-10T06:28:07,2024-09-10T18:06:46,0.23,"Rain, Partially cloudy",Partly cloudy throughout the day with rain in the morning and afternoon.,rain,"95874099999,94866099999,C7520,95936099999,95866099999,94865099999,94864099999"
melbourne,2024-09-11,19.1,11.6,13.9,19.1,11.6,13.9,9,73.6,0.214,100,8.33,rain,0,0,46.1,15.4,240,1022.4,93.3,16.3,71.4,6.3,4,10,2024-09-11T06:26:35,2024-09-11T18:07:36,0.25,"Rain, Overcast",Cloudy skies throughout the day with rain.,rain,"95874099999,94866099999,C7520,95936099999,95866099999,94865099999,94864099999"
melbourne,2024-09-12,14,9.3,11.7,14,8.2,11.6,4.8,62.8,7.968,100,8.33,rain,0,0,33.5,17.4,180.8,1029.9,36.8,16.7,191.2,16.5,8,10,2024-09-12T06:25:03,2024-09-12T18:08:26,0.3,"Rain, Partially cloudy",Partly cloudy throughout the day with rain clearing later.,rain,"95874099999,94866099999,C7520,95936099999,95866099999,94865099999,94864099999"
melbourne,2024-09-13,15.5,9.2,12.6,15.5,7,12.4,7.4,71.1,0.018,100,8.33,rain,0,0,26.6,15.2,244.3,1029.1,77.8,16.5,71.9,6.2,3,10,2024-09-13T06:23:30,2024-09-13T18:09:16,0.33,"Rain, Partially cloudy",Partly cloudy throughout the day with rain clearing later.,rain,"YMAV,95874099999,94866099999,C7520,95936099999,95866099999,94865099999,YMML,94864099999"
melbourne,2024-09-14,10.4,8.4,9.4,10.4,5.8,7.5,4.8,73.9,3.383,100,12.5,rain,0,0,41.4,23.6,205.3,1028.7,67,12.6,93.3,8.2,4,10,2024-09-14T06:21:57,2024-09-14T18:10:07,0.37,"Rain, Partially cloudy",Partly cloudy throughout the day with rain.,rain,"YMAV,95874099999,94866099999,C7520,95936099999,YMML,95866099999,94865099999,94864099999"
melbourne,2024-09-15,12.1,6.1,9.9,12.1,5.1,9.3,2.8,62.2,2.409,100,4.17,rain,0,0,34.6,18.5,182.8,1034.4,39,16.7,163.5,14.2,5,10,2024-09-15T06:20:24,2024-09-15T18:10:57,0.4,"Rain, Partially cloudy",Partly cloudy throughout the day with morning rain.,rain,"95874099999,94866099999,C7520,95936099999,95866099999,94865099999,94864099999"
melbourne,2024-09-16,14.1,8.9,11.3,14.1,7.1,10.8,6.1,71,0.032,100,8.33,rain,0,0,37.4,17.3,235.8,1031.1,91.6,15.6,135.2,11.7,6,10,2024-09-16T06:18:51,2024-09-16T18:11:48,0.43,"Rain, Overcast",Cloudy skies throughout the day with rain.,rain,"95874099999,94866099999,C7520,95936099999,95866099999,94865099999,94864099999"
melbourne,2024-09-17,14.6,8.5,11.3,14.6,8.5,11.3,5.5,69,1.422,100,8.33,rain,0,0,38.5,13,250.3,1025.4,66.6,17.5,185.1,16.1,8,10,2024-09-17T06:17:18,2024-09-17T18:12:39,0.47,"Rain, Partially cloudy",Partly cloudy throughout the day with rain clearing later.,rain,"95874099999,94866099999,C7520,95936099999,95866099999,94865099999,94864099999"
melbourne,2024-09-18,20.1,5.3,14,20.1,5.3,13.7,2.5,49.6,0.002,100,4.17,rain,0,0,52.9,23,317.4,1013.1,31.2,18.1,225.2,19.3,8,10,2024-09-18T06:15:44,2024-09-18T18:13:29,0.5,"Rain, Partially cloudy",Becoming cloudy in the afternoon with morning rain.,rain,"95874099999,94866099999,C7520,95936099999,95866099999,94865099999,94864099999"
melbourne,2024-09-19,15.2,10.9,12.6,15.2,10.9,12.6,6.5,67.1,0.535,100,12.5,rain,0,0,45.4,21.6,287.2,1008.7,75.3,16.1,132.7,11.6,5,10,2024-09-19T06:14:11,2024-09-19T18:14:20,0.53,"Rain, Partially cloudy",Partly cloudy throughout the day with rain.,rain,"95874099999,94866099999,95936099999,C7520,95866099999,94865099999,94864099999"
melbourne,2024-09-20,17.5,9.5,12.5,17.5,7.8,12.3,6.3,67,1.533,100,12.5,rain,0,0,41.8,17.8,317.9,1007.5,73.6,17.4,103.7,8.8,4,10,2024-09-20T06:12:37,2024-09-20T18:15:11,0.57,"Rain, Partially cloudy",Partly cloudy throughout the day with rain.,rain,"95874099999,94866099999,C7520,95936099999,95866099999,94865099999,94864099999"
melbourne,2024-09-21,17.1,11.3,13.8,17.1,11.3,13.8,6.6,62.6,6.132,100,12.5,rain,0,0,45.7,15.6,308.5,1009,94.7,17.1,118.4,10.2,6,10,2024-09-21T06:11:04,2024-09-21T18:16:02,0.6,"Rain, Overcast",Cloudy skies throughout the day with rain.,rain,"95874099999,94866099999,C7520,95936099999,95866099999,94865099999,94864099999"
melbourne,2024-09-22,19.9,11.8,15.7,19.9,11.8,15.7,7.2,58.2,0.265,100,4.17,rain,0,0,34.2,19,324.2,1013.6,73.3,16.5,146.8,12.6,6,10,2024-09-22T06:09:30,2024-09-22T18:16:54,0.64,"Rain, Partially cloudy",Partly cloudy throughout the day with morning rain.,rain,"95874099999,94866099999,C7520,95936099999,95866099999,94865099999,94864099999"
melbourne,2024-09-23,18.1,11.4,14.8,18.1,11.4,14.8,8.9,69,0.18,100,4.17,rain,0,0,37.4,16.7,333.9,1017.3,60.7,16.7,108,9.3,5,10,2024-09-23T06:07:56,2024-09-23T18:17:45,0.67,"Rain, Partially cloudy",Partly cloudy throughout the day with morning rain.,rain,"95874099999,94866099999,C7520,95936099999,95866099999,94865099999,94864099999"
melbourne,2024-09-24,23.6,9.3,16.4,23.6,9.3,16.4,9.9,70.2,0,0,0,,0,0,50,20.6,358.4,1014.1,95.2,13.2,161.6,13.8,7,10,2024-09-24T06:06:23,2024-09-24T18:18:37,0.7,Overcast,Cloudy skies throughout the day.,cloudy,"YMAV,95874099999,94866099999,C7520,95936099999,95866099999,94865099999,YMML,94864099999"
melbourne,2024-09-25,16,10.6,12.7,16,10.6,12.7,10.1,84.9,1.434,100,12.5,rain,0,0,40.3,18.5,180.1,1013.5,98.3,12,33.6,2.9,2,10,2024-09-25T06:04:50,2024-09-25T18:19:29,0.75,"Rain, Overcast",Cloudy skies throughout the day with rain.,rain,"95874099999,94866099999,C7520,95936099999,95866099999,94865099999,94864099999"
melbourne,2024-09-26,13,9,11,13,7.4,10.8,3.6,60.4,7.502,100,8.33,rain,0,0,38.5,18.8,174,1025.5,40.4,16.3,106.5,9.1,3,10,2024-09-26T06:03:16,2024-09-26T18:20:21,0.77,"Rain, Partially cloudy",Partly cloudy throughout the day with rain.,rain,"95874099999,94866099999,C7520,95936099999,95866099999,94865099999,94864099999"
melbourne,2024-09-27,15.2,8.5,11.6,15.2,7.8,11.5,5.6,68,0.178,100,4.17,rain,0,0,13,14.7,180.7,1027.9,14.6,17.5,230.6,20,8,10,2024-09-27T06:01:43,2024-09-27T18:21:13,0.81,Rain,Clear conditions throughout the day with morning rain.,rain,"95874099999,94866099999,C7520,95936099999,95866099999,94865099999,94864099999"
melbourne,2024-09-28,21.6,7,15,21.6,4.5,14.5,6.1,59.3,0,0,0,,0,0,49.3,25.7,10.3,1022.8,48.5,17.7,226.9,19.5,8,10,2024-09-28T06:00:10,2024-09-28T18:22:05,0.84,Partially cloudy,Partly cloudy throughout the day.,partly-cloudy-day,"95874099999,94866099999,C7520,95936099999,95866099999,94865099999,94864099999"
melbourne,2024-09-29,18,11.9,15.2,18,11.9,15.2,9.7,71.1,0.051,100,8.33,rain,0,0,60.8,44.9,357.9,1017.3,77.1,16.6,43.7,3.8,3,10,2024-09-29T05:58:38,2024-09-29T18:22:58,0.87,"Rain, Partially cloudy",Partly cloudy throughout the day with rain.,rain,"YMAV,94860099999,95874099999,94866099999,95936099999,95866099999,94872099999,C7520,94865099999,YMML,94864099999,94854099999,94870099999"
melbourne,2024-09-30,18.2,7.8,13.1,18.2,5.9,12.9,8,73.3,4.923,100,4.17,rain,0,0,20.2,11.9,214.2,1022,12.7,16.3,176.3,15.2,6,10,2024-09-30T05:57:05,2024-09-30T18:23:51,0.91,Rain,Clear conditions throughout the day with morning rain.,rain,"95874099999,94866099999,C7520,95936099999,95866099999,94865099999,94864099999"
melbourne,2024-10-01,16.8,7.7,13,16.8,7.7,13,8.9,77.5,0.009,100,4.17,rain,0,0,24.5,16.9,197.9,1025.2,53.6,16.5,159.8,13.8,8,10,2024-10-01T05:55:33,2024-10-01T18:24:44,0.94,"Rain, Partially cloudy",Partly cloudy throughout the day with morning rain.,rain,"95874099999,94866099999,C7520,95936099999,95866099999,94865099999,94864099999"
melbourne,2024-10-02,15.9,7.4,12.2,15.9,7.4,12.2,8,77.6,0,0,0,,0,0,18.4,16.2,191.9,1028.9,14.9,14.5,245.6,21,8,10,2024-10-02T05:54:01,2024-10-02T18:25:37,0.98,Clear,Clear conditions throughout the day.,clear-day,"95874099999,94866099999,C7520,95936099999,95866099999,94865099999,94864099999"
melbourne,2024-10-03,25.5,7.9,17.4,25.5,7.1,17.3,8.9,62.6,0,0,0,,0,0,48.2,22,17.2,1023.4,21,14.9,239.8,20.7,8,10,2024-10-03T05:52:30,2024-10-03T18:26:31,0,Partially cloudy,Partly cloudy throughout the day.,partly-cloudy-day,"95874099999,94866099999,C7520,95936099999,95866099999,94865099999,94864099999"
melbourne,2024-10-04,22.9,15.4,19.7,22.9,15.4,19.7,9.9,54,0.078,100,4.17,rain,0,0,67.7,36.7,3.4,1009.9,76.2,17.2,174.3,15.1,8,10,2024-10-04T05:50:59,2024-10-04T18:27:25,0.04,"Rain, Partially cloudy",Partly cloudy throughout the day with late afternoon rain.,rain,"95874099999,94866099999,C7520,95936099999,95866099999,94865099999,94864099999"
melbourne,2024-10-05,19,12.3,15,19,12.3,15,9.9,73.3,0.569,100,12.5,rain,0,0,38.9,24.5,324.2,1005.9,75.6,16,131,11.4,8,10,2024-10-05T05:49:28,2024-10-05T18:28:19,0.08,"Rain, Partially cloudy",Partly cloudy throughout the day with rain.,rain,"95874099999,94866099999,C7520,95936099999,95866099999,94865099999,94864099999"
melbourne,2024-10-06,20,13,16.1,20,13,16.1,7.7,59.2,0.012,100,4.17,rain,0,0,65.5,18.5,325,1009.9,75.8,16.7,132.3,10.8,5,10,2024-10-06T06:47:57,2024-10-06T19:29:14,0.11,"Rain, Partially cloudy",Partly cloudy throughout the day with afternoon rain.,rain,"95874099999,94866099999,C7520,95936099999,95866099999,94865099999,94864099999"
melbourne,2024-10-07,17.4,11.1,14.9,17.4,11.1,14.9,7.7,62.6,0.261,100,12.5,rain,0,0,41,17.8,288.2,1016.5,82.3,16.3,48.7,4.3,2,10,2024-10-07T06:46:27,2024-10-07T19:30:09,0.14,"Rain, Partially cloudy",Partly cloudy throughout the day with rain.,rain,"95874099999,94866099999,C7520,95936099999,95866099999,94865099999,94864099999"
melbourne,2024-10-08,14,8.8,11.1,14,7.7,10.7,3,57.8,0.2,100,8.33,rain,0,0,27,20.5,173.2,1026.3,38.3,16.3,164.5,14.4,7,10,2024-10-08T06:44:58,2024-10-08T19:31:04,0.18,"Rain, Partially cloudy",Partly cloudy throughout the day with rain clearing later.,rain,"95874099999,94866099999,C7520,95936099999,95866099999,94865099999,94864099999"
melbourne,2024-10-09,18.8,4.3,12,18.8,4.3,11.9,4.1,61.8,0.004,100,4.17,rain,0,0,24.1,12.4,281.8,1024.3,4.3,17.1,274.3,23.6,9,10,2024-10-09T06:43:29,2024-10-09T19:32:00,0.21,Rain,Clear conditions throughout the day with morning rain.,rain,"95874099999,94866099999,C7520,95936099999,95866099999,94865099999,94864099999"
melbourne,2024-10-10,19.1,11.7,14.9,19.1,11.7,14.9,6.4,57.2,0,0,0,,0,0,64.8,27.8,0.3,1020.5,17.7,16.3,245.2,21.2,8,10,2024-10-10T06:42:01,2024-10-10T19:32:56,0.25,Clear,Clear conditions throughout the day.,clear-day,"95874099999,94866099999,C7520,95936099999,95866099999,94865099999,94864099999"
melbourne,2024-10-11,16.1,8.3,12.8,16.1,8.3,12.8,5.8,63.1,0,0,0,,0,0,31.3,15.1,196.1,1026.1,27,15.6,209.2,18.2,9,10,2024-10-11T06:40:33,2024-10-11T19:33:52,0.25,Partially cloudy,Becoming cloudy in the afternoon.,partly-cloudy-day,"95874099999,94866099999,C7520,95936099999,95866099999,94865099999,94864099999"
melbourne,2024-10-12,16.3,10.3,13.5,16.3,10.3,13.5,5.7,59.9,0,0,0,,0,0,27.7,18.3,191.2,1027.9,30.2,15.5,265.3,22.8,9,10,2024-10-12T06:39:06,2024-10-12T19:34:48,0.32,Partially cloudy,Partly cloudy throughout the day.,partly-cloudy-day,"95874099999,94866099999,C7520,95936099999,95866099999,94865099999,94864099999"
melbourne,2024-10-13,24,7.1,16.4,24,5.2,16.1,5.4,54.4,0,0,0,,0,0,55.1,27.9,359,1020.2,60.9,17.3,248.4,21.5,8,10,2024-10-13T06:37:40,2024-10-13T19:35:45,0.35,Partially cloudy,Partly cloudy throughout the day.,partly-cloudy-day,"95874099999,94866099999,C7520,95936099999,95866099999,94865099999,94864099999"
melbourne,2024-10-14,19.5,14.5,16.5,19.5,14.5,16.5,12.1,75.6,0.018,100,8.33,rain,0,0,31,18.3,185.7,1018.4,54.5,16,197.5,17.2,8,10,2024-10-14T06:36:14,2024-10-14T19:36:43,0.38,"Rain, Partially cloudy",Partly cloudy throughout the day with rain clearing later.,rain,"95874099999,94866099999,C7520,95936099999,95866099999,94865099999,94864099999"
melbourne,2024-10-15,26.4,10.5,17.9,26.4,10.5,17.9,10.6,66,0,0,0,,0,0,20.2,13.2,78.1,1018.7,68,17.7,221.8,19.2,8,10,2024-10-15T06:34:49,2024-10-15T19:37:40,0.42,Partially cloudy,Partly cloudy throughout the day.,partly-cloudy-day,"95874099999,94866099999,C7520,95936099999,95866099999,94865099999,94864099999,94870099999"
melbourne,2024-10-16,24.5,16.1,20.3,24.5,16.1,20.3,12.3,61.8,1.991,100,8.33,rain,0,0,41.8,20.5,1.3,1016.4,81.1,16.9,164.2,14.1,6,10,2024-10-16T06:33:24,2024-10-16T19:38:38,0.45,"Rain, Partially cloudy",Partly cloudy throughout the day with rain clearing later.,rain,"95874099999,94866099999,C7520,95936099999,95866099999,94865099999,94864099999"
melbourne,2024-10-17,25,16,20.4,25,16,20.4,13.7,66.5,0.112,100,4.17,rain,0,0,53.3,25.7,12.1,1011.3,81.5,17.6,159.5,13.8,7,10,2024-10-17T06:32:01,2024-10-17T19:39:37,0.5,"Rain, Partially cloudy",Partly cloudy throughout the day with late afternoon rain.,rain,"95874099999,94866099999,C7520,95936099999,95866099999,94865099999,94864099999"
melbourne,2024-10-18,22.4,14.9,19.1,22.4,14.9,19.1,16.8,87.9,3.899,100,16.67,rain,0,0,55.8,22.5,338.5,1001.5,98.4,14.4,69.6,6,5,30,2024-10-18T06:30:38,2024-10-18T19:40:36,0.52,"Rain, Overcast",Cloudy skies throughout the day with a chance of rain throughout the day.,rain,"95874099999,94866099999,C7520,95936099999,95866099999,94865099999,94864099999"
melbourne,2024-10-19,16.9,12.2,14.3,16.9,12.2,14.3,11,81.1,0.058,100,4.17,rain,0,0,40.3,29.3,199,1016.3,87.2,10.3,197.9,17.2,10,10,2024-10-19T06:29:16,2024-10-19T19:41:35,0.55,"Rain, Partially cloudy",Partly cloudy throughout the day with early morning rain.,rain,"YMAV,95874099999,94866099999,C7520,95936099999,95866099999,94865099999,YMML,94864099999"
melbourne,2024-10-20,18.8,11.9,14.6,18.8,11.9,14.6,9.7,73.4,0.5,100,20.83,rain,0,0,27.4,25.7,183.5,1023.3,68.3,10,124.1,10.7,6,10,2024-10-20T06:27:55,2024-10-20T19:42:34,0.59,"Rain, Partially cloudy",Partly cloudy throughout the day with rain clearing later.,rain,"YMAV,C7520,YMML"
melbourne,2024-10-21,26.4,10.1,17.4,26.4,10.1,17.4,10.7,69,0,0,0,,0,0,26.3,24.6,22.2,1019,43.5,10,276.8,24,9,10,2024-10-21T06:26:35,2024-10-21T19:43:34,0.62,Partially cloudy,Partly cloudy throughout the day.,partly-cloudy-day,"YMAV,C7520,YMML"
melbourne,2024-10-22,29.1,13.1,19.6,28.3,13.1,19.5,11.5,62,0,0,0,,0,0,48.6,42.3,22.1,1012.4,76.3,10,225.6,19.6,9,10,2024-10-22T06:25:16,2024-10-22T19:44:35,0.65,Partially cloudy,Partly cloudy throughout the day.,partly-cloudy-day,"YMAV,C7520,YMML"
